Group,Subgroup,Student ID,Name
G-1,Subgroup 1,47,Xun Wei
G-1,Subgroup 1,13,Grace Turner
G-1,Subgroup 1,38,Prerna Gupta
G-1,Subgroup 1,16,Henry Foster
G-1,Subgroup 1,5,Ananya Ramesh
G-1,Subgroup 2,1,Aarti Nair
G-1,Subgroup 2,40,Sakina Ahmed
G-1,Subgroup 2,27,Meera Singh
G-1,Subgroup 2,12,Gabriel Young
G-1,Subgroup 2,45,Vikram Desai
G-1,Subgroup 3,8,Anya Kumar
G-1,Subgroup 3,34,Nurul Shafika
G-1,Subgroup 3,20,Karen Lee
G-1,Subgroup 3,19,Jie Zhang
G-1,Subgroup 3,35,Oleg Petrovich
G-1,Subgroup 4,28,Mei Hong
G-1,Subgroup 4,42,Savannah Taylor
G-1,Subgroup 4,41,Sana Jain
G-1,Subgroup 4,30,Mohit Desai
G-1,Subgroup 4,18,Jett Morales
G-1,Subgroup 5,9,Areeba Khan
G-1,Subgroup 5,22,Kathy Lau
G-1,Subgroup 5,6,Anjali Patel
G-1,Subgroup 5,37,Omer Ahmed
G-1,Subgroup 5,25,Lucas Walker
G-1,Subgroup 6,15,Harlow Wang
G-1,Subgroup 6,26,Maria Ivanovna
G-1,Subgroup 6,49,Zara Chang
G-1,Subgroup 6,36,Oliver Tan
G-1,Subgroup 6,10,Darren Lee
G-1,Subgroup 7,33,Nisha Das
G-1,Subgroup 7,39,Priya Singh
G-1,Subgroup 7,32,Nhung Vu
G-1,Subgroup 7,3,Ajay Verma
G-1,Subgroup 7,48,Zachary Wu
G-1,Subgroup 8,17,Isabella Thompson
G-1,Subgroup 8,24,Lila Patel
G-1,Subgroup 8,21,Karen Wong
G-1,Subgroup 8,11,Felix Yip
G-1,Subgroup 8,7,Anthony Liu
G-1,Subgroup 9,46,Vivi Dwi
G-1,Subgroup 9,44,Truong Minh Chau
G-1,Subgroup 9,23,Layla Torres
G-1,Subgroup 9,0,Aarav Singh
G-1,Subgroup 9,31,Nguyen Van Sam
G-1,Subgroup 10,4,Amelia Kim
G-1,Subgroup 10,14,Han Li
G-1,Subgroup 10,2,Adlan Bin Rahman
G-1,Subgroup 10,29,Ming Zhang
G-1,Subgroup 10,43,Siddharth Nair
G-10,Subgroup 1,50,Adrian Castillo
G-10,Subgroup 1,87,Sophie Cheung
G-10,Subgroup 1,90,Tatum Flores
G-10,Subgroup 1,94,Xiao Chen
G-10,Subgroup 1,51,Alyssa Green
G-10,Subgroup 2,60,Hassan Malik
G-10,Subgroup 2,63,Isaiah Scott
G-10,Subgroup 2,66,Kendrick Alvarado
G-10,Subgroup 2,88,Tanya Lee
G-10,Subgroup 2,86,Soo-Young Kim
G-10,Subgroup 3,64,Jaxon Hall
G-10,Subgroup 3,96,Yasir Ahmad
G-10,Subgroup 3,72,Liam Jones
G-10,Subgroup 3,61,Hendra Mulyana
G-10,Subgroup 3,83,Rhys Tan
G-10,Subgroup 4,76,Ming Wei
G-10,Subgroup 4,53,Ayesha Javed
G-10,Subgroup 4,68,Kiara Lin
G-10,Subgroup 4,98,Yuzhi
G-10,Subgroup 4,70,Kiran Farooq
G-10,Subgroup 5,84,Rizan Bin Ahmad
G-10,Subgroup 5,59,Hae-Jin Lee
G-10,Subgroup 5,69,Kira Yamada
G-10,Subgroup 5,79,Nurul Aini Binti Ahmad
G-10,Subgroup 5,95,Ximena Fernandez
G-10,Subgroup 6,85,Sho Nakajima
G-10,Subgroup 6,91,Tianming
G-10,Subgroup 6,75,Michael Miller
G-10,Subgroup 6,67,Kerry Lim
G-10,Subgroup 6,78,Nina Patil
G-10,Subgroup 7,92,Will Chen
G-10,Subgroup 7,99,Zaki Bin Ibrahim
G-10,Subgroup 7,56,Christopher Miller
G-10,Subgroup 7,77,Nina Bennett
G-10,Subgroup 7,62,Hunter Wilson
G-10,Subgroup 8,58,Freya Chen
G-10,Subgroup 8,55,Cheng Zhang
G-10,Subgroup 8,71,Leo Xu
G-10,Subgroup 8,82,Rhea Lee
G-10,Subgroup 8,89,Tao Liu
G-10,Subgroup 9,81,Rhea Kapoor
G-10,Subgroup 9,57,Dante Wu
G-10,Subgroup 9,80,Paula Wong
G-10,Subgroup 9,54,Benjamin Turner
G-10,Subgroup 9,97,Yasmine Villanueva
G-10,Subgroup 10,52,Ananya Singh
G-10,Subgroup 10,74,Mia Zhang
G-10,Subgroup 10,93,Xander Cook
G-10,Subgroup 10,65,Kaya Chang
G-10,Subgroup 10,73,Marco Garcia
G-100,Subgroup 1,114,Fangling
G-100,Subgroup 1,129,Mia Hall
G-100,Subgroup 1,148,Yuanqing
G-100,Subgroup 1,116,Fergus Mendoza
G-100,Subgroup 1,120,Hua Zhang
G-100,Subgroup 2,141,Siti Maryam
G-100,Subgroup 2,115,Fay Tan
G-100,Subgroup 2,105,Anjali Nair
G-100,Subgroup 2,108,Bradley Huang
G-100,Subgroup 2,111,Carter Moore
G-100,Subgroup 3,103,Alina Malik
G-100,Subgroup 3,126,Margaret Li
G-100,Subgroup 3,138,Rachel Lee
G-100,Subgroup 3,124,Jordan Chen
G-100,Subgroup 3,112,Danty Susanto
G-100,Subgroup 4,127,Maya Ong
G-100,Subgroup 4,132,Nadia Binti Azhar
G-100,Subgroup 4,147,Ying Liu
G-100,Subgroup 4,144,Tommy Wu
G-100,Subgroup 4,145,Wesley Turner
G-100,Subgroup 5,149,Yumi Nishikawa
G-100,Subgroup 5,133,Naina Gupta
G-100,Subgroup 5,130,Mia Phillips
G-100,Subgroup 5,137,Peter Choi
G-100,Subgroup 5,123,Jack Foster
G-100,Subgroup 6,107,Bella Perry
G-100,Subgroup 6,134,Neelam Bhatia
G-100,Subgroup 6,139,Raquel Huang
G-100,Subgroup 6,136,Owen Hill
G-100,Subgroup 6,135,Orlando Wu
G-100,Subgroup 7,128,Meera Menon
G-100,Subgroup 7,113,Diya Nair
G-100,Subgroup 7,119,Hassan Farooq
G-100,Subgroup 7,100,Adrian King
G-100,Subgroup 7,101,Aiden Brown
G-100,Subgroup 8,131,Mia Wong
G-100,Subgroup 8,143,Tao Wang
G-100,Subgroup 8,110,Carla Wang
G-100,Subgroup 8,109,Caiyun
G-100,Subgroup 8,142,Tae-Soo Kim
G-100,Subgroup 9,117,Fiona Clark
G-100,Subgroup 9,121,Iris Rivera
G-100,Subgroup 9,118,Han Zhang
G-100,Subgroup 9,146,Yasir Qureshi
G-100,Subgroup 9,125,Khalid Rahman
G-100,Subgroup 10,122,Isabella Thomas
G-100,Subgroup 10,140,Seema Kapoor
G-100,Subgroup 10,104,Ameer Bin Rahman
G-100,Subgroup 10,102,Ali Rehman
G-100,Subgroup 10,106,Ashok Nair
G-101,Subgroup 1,198,Zadie Harris
G-101,Subgroup 1,154,Carter Thompson
G-101,Subgroup 1,176,Madiha Ali
G-101,Subgroup 1,169,Kate Tan
G-101,Subgroup 1,187,Sandeep Rao
G-101,Subgroup 2,151,Alani Lin
G-101,Subgroup 2,183,Qi Chen
G-101,Subgroup 2,168,Jin Yang Tan
G-101,Subgroup 2,196,Xiao Ming
G-101,Subgroup 2,197,Ying Wong
G-101,Subgroup 3,190,Sofia Reddy
G-101,Subgroup 3,194,Weijun
G-101,Subgroup 3,192,Suraj Mishra
G-101,Subgroup 3,189,Shayla Wang
G-101,Subgroup 3,185,Riley Lim
G-101,Subgroup 4,193,Wani Binti Jalil
G-101,Subgroup 4,180,Nguyen Thi Binh
G-101,Subgroup 4,156,Daphne Tan
G-101,Subgroup 4,179,Nguyen Hoang Long
G-101,Subgroup 4,161,Fatima Bhatia
G-101,Subgroup 5,178,Minghao
G-101,Subgroup 5,164,Hope Chen
G-101,Subgroup 5,172,Khayla Rahayu
G-101,Subgroup 5,195,Wyatt Price
G-101,Subgroup 5,199,Zoe King
G-101,Subgroup 6,182,Owen Nugroho
G-101,Subgroup 6,155,Christopher Cox
G-101,Subgroup 6,188,Savannah Torres
G-101,Subgroup 6,159,Evelyn Cheung
G-101,Subgroup 6,174,Lola Tan
G-101,Subgroup 7,173,Kieran Harris
G-101,Subgroup 7,175,Lucas Chen
G-101,Subgroup 7,181,Ning Li
G-101,Subgroup 7,165,Isla Young
G-101,Subgroup 7,158,Ethan Taylor
G-101,Subgroup 8,162,Gia Tsai
G-101,Subgroup 8,186,Rishi Tan
G-101,Subgroup 8,166,Jasper Wang
G-101,Subgroup 8,177,Manish Singh
G-101,Subgroup 8,157,Eli Cruz
G-101,Subgroup 9,153,Asher Nelson
G-101,Subgroup 9,184,Rachel Choi
G-101,Subgroup 9,152,Amaya Sharma
G-101,Subgroup 9,167,Jaxon Lewis
G-101,Subgroup 9,171,Kexin
G-101,Subgroup 10,160,Farhan Bin Azhar
G-101,Subgroup 10,191,Sophia Jones
G-101,Subgroup 10,163,Hannah Smith
G-101,Subgroup 10,170,Kevin Brown
G-101,Subgroup 10,150,Ajay Iyer
G-102,Subgroup 1,202,Anjali Kumar
G-102,Subgroup 1,222,Lyric Tan
G-102,Subgroup 1,234,Nisha Gupta
G-102,Subgroup 1,214,Henry Tan
G-102,Subgroup 1,236,Pranata Santoso
G-102,Subgroup 2,224,Margarita Sokolova
G-102,Subgroup 2,231,Nafisa Ali
G-102,Subgroup 2,248,Zara Lim
G-102,Subgroup 2,235,Omar Farooq
G-102,Subgroup 2,212,Hao Yang Tan
G-102,Subgroup 3,216,Kiran Shah
G-102,Subgroup 3,241,Simran Singh
G-102,Subgroup 3,203,Aria Murphy
G-102,Subgroup 3,245,Ulysses Salazar
G-102,Subgroup 3,225,Maximus Wright
G-102,Subgroup 4,240,Sakshi Singh
G-102,Subgroup 4,232,Nina Phillips
G-102,Subgroup 4,223,Maharani Sari
G-102,Subgroup 4,247,Yong Hui
G-102,Subgroup 4,244,Travis Lim
G-102,Subgroup 5,239,Sakshi Iyer
G-102,Subgroup 5,218,Layla Cooper
G-102,Subgroup 5,220,Liu Fang
G-102,Subgroup 5,229,Minh Tran
G-102,Subgroup 5,221,Luca Torres
G-102,Subgroup 6,249,Zoe Martinez
G-102,Subgroup 6,208,Fariha Noor
G-102,Subgroup 6,233,Nira Gupta
G-102,Subgroup 6,200,Ajay Bhatt
G-102,Subgroup 6,246,Wyatt Thompson
G-102,Subgroup 7,228,Melati Ahmad
G-102,Subgroup 7,226,Maya Sari
G-102,Subgroup 7,227,Megan Walker
G-102,Subgroup 7,213,Harsh Kumar
G-102,Subgroup 7,207,Elisha Wu
G-102,Subgroup 8,217,Lan Nguyen
G-102,Subgroup 8,230,Min-Ji Park
G-102,Subgroup 8,243,Svetlana Chernyshova
G-102,Subgroup 8,219,Levi Huang
G-102,Subgroup 8,206,Cheng Fang Tan
G-102,Subgroup 9,242,Sofia Hernandez
G-102,Subgroup 9,210,Gina Lau
G-102,Subgroup 9,211,Hansel Bautista
G-102,Subgroup 9,204,Asher Clark
G-102,Subgroup 9,238,Riku Takeda
G-102,Subgroup 10,201,Alina Awan
G-102,Subgroup 10,215,Kanwal Bukhari
G-102,Subgroup 10,209,Felix Wong
G-102,Subgroup 10,237,Raj Tan
G-102,Subgroup 10,205,Bradley Yang
G-103,Subgroup 1,298,Yvonne Ng
G-103,Subgroup 1,299,Zachary Lee
G-103,Subgroup 1,290,Talha Iqbal
G-103,Subgroup 1,289,Sofia Kim
G-103,Subgroup 1,253,Anjali Singh
G-103,Subgroup 2,250,Alan Chan
G-103,Subgroup 2,257,Carmen Ong
G-103,Subgroup 2,262,Eli Tan
G-103,Subgroup 2,295,Willow Wong
G-103,Subgroup 2,279,Maya Gonzales
G-103,Subgroup 3,259,Dallas Huang
G-103,Subgroup 3,283,Queenie Lee
G-103,Subgroup 3,252,Amna Bukhari
G-103,Subgroup 3,293,Vikram Singh
G-103,Subgroup 3,291,Tommy Wu
G-103,Subgroup 4,292,Tyler Hall
G-103,Subgroup 4,264,Ethan White
G-103,Subgroup 4,277,Maggie Kwan
G-103,Subgroup 4,251,Amira Tan
G-103,Subgroup 4,282,Naim Bin Hashim
G-103,Subgroup 5,296,Xiao Wei Tan
G-103,Subgroup 5,274,Khalil Bin Ismail
G-103,Subgroup 5,287,Shiloh Lin
G-103,Subgroup 5,255,Asha Mehta
G-103,Subgroup 5,256,Camila Li
G-103,Subgroup 6,263,Emily Scott
G-103,Subgroup 6,281,Nadia Binti Zulkifli
G-103,Subgroup 6,272,Irfan Bin Hassan
G-103,Subgroup 6,267,Fatima Baig
G-103,Subgroup 6,268,Fatima Malik
G-103,Subgroup 7,273,Isaac Thompson
G-103,Subgroup 7,284,Saad Malik
G-103,Subgroup 7,294,Vy Nguyen
G-103,Subgroup 7,270,Hannah Sanders
G-103,Subgroup 7,275,Kylie Chen
G-103,Subgroup 8,266,Fahim Hussein
G-103,Subgroup 8,276,Layla Fisher
G-103,Subgroup 8,265,Everett Harris
G-103,Subgroup 8,285,Samantha Khan
G-103,Subgroup 8,260,David Young
G-103,Subgroup 9,286,Selina Loh
G-103,Subgroup 9,297,Yuna Wong
G-103,Subgroup 9,278,Mansoor Qureshi
G-103,Subgroup 9,258,Chong Wang
G-103,Subgroup 9,261,Dev Sharma
G-103,Subgroup 10,288,Simon Lee
G-103,Subgroup 10,269,Graham Jackson
G-103,Subgroup 10,254,Aria Martinez
G-103,Subgroup 10,280,Maya Wilson
G-103,Subgroup 10,271,Hikaru Sato
G-104,Subgroup 1,302,Anita Lim
G-104,Subgroup 1,348,Zainab Noor
G-104,Subgroup 1,317,Giselle Wu
G-104,Subgroup 1,310,Daniel Adams
G-104,Subgroup 1,336,Rafael Wong
G-104,Subgroup 2,314,Fitri Binti Mohd
G-104,Subgroup 2,308,Chloe Wu
G-104,Subgroup 2,330,Nancy Yeo
G-104,Subgroup 2,315,Gideon Torres
G-104,Subgroup 2,340,Shahid Ali
G-104,Subgroup 3,327,Lily Ong
G-104,Subgroup 3,326,Lila Wu
G-104,Subgroup 3,332,Nisha Yadav
G-104,Subgroup 3,349,Zhen Zhang
G-104,Subgroup 3,325,Leo Pranata
G-104,Subgroup 4,328,Madison Scott
G-104,Subgroup 4,329,Maya Rahman
G-104,Subgroup 4,338,Samantha Ong
G-104,Subgroup 4,323,Kamran Farooq
G-104,Subgroup 4,345,William Yip
G-104,Subgroup 5,318,Gracelyn Dela Cruz
G-104,Subgroup 5,331,Nia Wong
G-104,Subgroup 5,335,Priya Roy
G-104,Subgroup 5,334,Prashant Joshi
G-104,Subgroup 5,311,Eamon Liu
G-104,Subgroup 6,300,Anaya Singh
G-104,Subgroup 6,341,Sophia Taylor
G-104,Subgroup 6,347,Ying Zhang
G-104,Subgroup 6,321,John Lim
G-104,Subgroup 6,301,Anil Reddy
G-104,Subgroup 7,309,Dahlia Chen
G-104,Subgroup 7,306,Chloe Scott
G-104,Subgroup 7,346,Xena Reed
G-104,Subgroup 7,324,Lance Alvarado
G-104,Subgroup 7,337,Ryder Ward
G-104,Subgroup 8,342,Tara Wati
G-104,Subgroup 8,319,Isha Verma
G-104,Subgroup 8,343,Vera Ong
G-104,Subgroup 8,316,Gideon Zhang
G-104,Subgroup 8,304,Benjamin Huang
G-104,Subgroup 9,303,Ashna Mehta
G-104,Subgroup 9,307,Chloe Tan
G-104,Subgroup 9,339,Sarah Liu
G-104,Subgroup 9,305,Chandra Menon
G-104,Subgroup 9,322,Jun Zhang
G-104,Subgroup 10,313,Emily Johnson
G-104,Subgroup 10,312,Emi Yamashita
G-104,Subgroup 10,333,Pallavi Mehta
G-104,Subgroup 10,320,Jason Tan
G-104,Subgroup 10,344,Waleed Malik
G-105,Subgroup 1,352,Alyssa Tan
G-105,Subgroup 1,367,Haruki Suzuki
G-105,Subgroup 1,372,Julia Tan
G-105,Subgroup 1,354,Amit Agarwal
G-105,Subgroup 1,375,Kylie Zhang
G-105,Subgroup 2,379,Maya Torres
G-105,Subgroup 2,371,Jonathan Wu
G-105,Subgroup 2,358,Charlotte Gonzalez
G-105,Subgroup 2,370,James Jackson
G-105,Subgroup 2,360,Chen Li
G-105,Subgroup 3,393,Tatum Roberts
G-105,Subgroup 3,396,Vincent Wong
G-105,Subgroup 3,377,Lola Zhang
G-105,Subgroup 3,388,Ronald Tan
G-105,Subgroup 3,397,Vira Dwi
G-105,Subgroup 4,366,Devansh Mehta
G-105,Subgroup 4,381,Nicolas Ramos
G-105,Subgroup 4,355,Arjun Nair
G-105,Subgroup 4,395,Trung Le
G-105,Subgroup 4,390,Sabrina Zhao
G-105,Subgroup 5,356,Bennett Liu
G-105,Subgroup 5,350,Addison Lin
G-105,Subgroup 5,391,Shahid Raza
G-105,Subgroup 5,359,Chen Bo
G-105,Subgroup 5,364,Dao Tran
G-105,Subgroup 6,368,Imran Bin Zahid
G-105,Subgroup 6,351,Aditi Kumar
G-105,Subgroup 6,376,Logan Martin
G-105,Subgroup 6,357,Callum Williams
G-105,Subgroup 6,389,Saad Javed
G-105,Subgroup 7,398,Yang Jun
G-105,Subgroup 7,380,Mei Chen
G-105,Subgroup 7,369,Isabella Rodriguez
G-105,Subgroup 7,374,Kunal Mehta
G-105,Subgroup 7,387,Ricky Chen
G-105,Subgroup 8,361,Claudia Tan
G-105,Subgroup 8,384,Pallavi Kumar
G-105,Subgroup 8,353,Amina Binti Zain
G-105,Subgroup 8,378,Max Johnson
G-105,Subgroup 8,373,Kiran Rao
G-105,Subgroup 9,385,Ping An
G-105,Subgroup 9,382,Nisha Bansal
G-105,Subgroup 9,365,Daphne Li
G-105,Subgroup 9,386,Qiana Lestari
G-105,Subgroup 9,399,Yumi Tanaka
G-105,Subgroup 10,362,Cora Zhang
G-105,Subgroup 10,392,Sophie Reed
G-105,Subgroup 10,394,Tessa Li
G-105,Subgroup 10,363,Dallas Liu
G-105,Subgroup 10,383,Olivia Miller
G-106,Subgroup 1,402,Aria Lee
G-106,Subgroup 1,448,Zara Malik
G-106,Subgroup 1,417,Isla Lee
G-106,Subgroup 1,405,Charlotte Harris
G-106,Subgroup 1,426,Minghao
G-106,Subgroup 2,404,Arya Kapoor
G-106,Subgroup 2,400,Akemi Takahashi
G-106,Subgroup 2,424,Kevin Wang
G-106,Subgroup 2,418,Jai Mehta
G-106,Subgroup 2,435,Oliver Martinez
G-106,Subgroup 3,422,Kathy Tan
G-106,Subgroup 3,423,Kavitha Tan
G-106,Subgroup 3,441,Rahul Mehta
G-106,Subgroup 3,443,Sergei Ivanovich
G-106,Subgroup 3,444,Siddharth Gupta
G-106,Subgroup 4,429,Neelam Rani
G-106,Subgroup 4,401,Albert Wang
G-106,Subgroup 4,449,Zedrick Ong
G-106,Subgroup 4,442,Reyansh Iyer
G-106,Subgroup 4,406,Cleo Morales
G-106,Subgroup 5,439,Priya Nair
G-106,Subgroup 5,408,Dylan Li
G-106,Subgroup 5,410,Fahad Ali
G-106,Subgroup 5,413,Guofeng
G-106,Subgroup 5,409,Eun-Hee Kim
G-106,Subgroup 6,440,Quinn Larson
G-106,Subgroup 6,407,Cole Huang
G-106,Subgroup 6,434,Nolan Reyes
G-106,Subgroup 6,419,Jason Robinson
G-106,Subgroup 6,430,Nikhil Sharma
G-106,Subgroup 7,446,Tania Ng
G-106,Subgroup 7,415,Harrison Moore
G-106,Subgroup 7,403,Aria Tan
G-106,Subgroup 7,437,Oscar Villanueva
G-106,Subgroup 7,414,Hafiz Ahmad
G-106,Subgroup 8,412,Gandhi Saputra
G-106,Subgroup 8,433,Noel Pineda
G-106,Subgroup 8,445,Sienna Lee
G-106,Subgroup 8,428,Miyu Nishimura
G-106,Subgroup 8,431,Nisha Verma
G-106,Subgroup 9,436,Om Tan
G-106,Subgroup 9,411,Gabriella Dela Cruz
G-106,Subgroup 9,438,Piper Chen
G-106,Subgroup 9,427,Mira Binti Zaki
G-106,Subgroup 9,416,Hoang Nguyen
G-106,Subgroup 10,421,Jun Liu
G-106,Subgroup 10,425,Megan Zhao
G-106,Subgroup 10,447,Thomas Harris
G-106,Subgroup 10,432,Noah Morris
G-106,Subgroup 10,420,Jingyi
G-107,Subgroup 1,487,Sana Menon
G-107,Subgroup 1,469,Lana Tan
G-107,Subgroup 1,468,Kavita Singh
G-107,Subgroup 1,488,Suresh Bhat
G-107,Subgroup 1,465,Joko Susanto
G-107,Subgroup 2,474,Meera Gupta
G-107,Subgroup 2,477,Nguyen Thi Hoa
G-107,Subgroup 2,471,Lily Lim
G-107,Subgroup 2,454,Arjun Sinha
G-107,Subgroup 2,497,Zane Navarro
G-107,Subgroup 3,494,Xiaoling Chen
G-107,Subgroup 3,486,Samreen Ali
G-107,Subgroup 3,450,Amara Siti
G-107,Subgroup 3,456,Carter Hall
G-107,Subgroup 3,496,Yuri Grigorev
G-107,Subgroup 4,483,Rina Ali
G-107,Subgroup 4,451,Amelia Lewis
G-107,Subgroup 4,458,Charu Iyer
G-107,Subgroup 4,492,Xiangqi
G-107,Subgroup 4,460,Daniel Tan
G-107,Subgroup 5,484,Saanvi Roy
G-107,Subgroup 5,473,Madison Torres
G-107,Subgroup 5,479,Nina Zhao
G-107,Subgroup 5,493,Xiao Zhang
G-107,Subgroup 5,466,Kai Qiang
G-107,Subgroup 6,490,Vera Chan
G-107,Subgroup 6,455,Bria Tsai
G-107,Subgroup 6,464,Jia Li
G-107,Subgroup 6,498,Zane Wong
G-107,Subgroup 6,480,Omar Rivera
G-107,Subgroup 7,459,Cheryl Ong
G-107,Subgroup 7,491,Victoria Reyes
G-107,Subgroup 7,495,Yumi Hayashi
G-107,Subgroup 7,472,Liu Yang
G-107,Subgroup 7,467,Karan Patel
G-107,Subgroup 8,470,Le Van Minh
G-107,Subgroup 8,452,Ananya Roy
G-107,Subgroup 8,475,Min-Jung Kim
G-107,Subgroup 8,481,Qiang Zhang
G-107,Subgroup 8,489,Tanishq Reddy
G-107,Subgroup 9,499,Zulaikha Binti Rahman
G-107,Subgroup 9,476,Misha Malik
G-107,Subgroup 9,478,Nina Binti Noor
G-107,Subgroup 9,457,Chad Dela Cruz
G-107,Subgroup 9,453,Archer Powell
G-107,Subgroup 10,463,Hayden Wu
G-107,Subgroup 10,485,Samantha Sanchez
G-107,Subgroup 10,482,Riana Binti Abdul
G-107,Subgroup 10,462,Harvey Lim
G-107,Subgroup 10,461,Emery Wu
G-108,Subgroup 1,508,Hina Waseem
G-108,Subgroup 1,549,Zheng Guo
G-108,Subgroup 1,542,Shun Takahashi
G-108,Subgroup 1,532,Renee Lee
G-108,Subgroup 1,543,Siti Aisya Binti Ibrahim
G-108,Subgroup 2,547,Yan Mei
G-108,Subgroup 2,506,Hana Watanabe
G-108,Subgroup 2,517,Malia Tan
G-108,Subgroup 2,548,Zeeshan Ahmed
G-108,Subgroup 2,530,Rajiv Nair
G-108,Subgroup 3,500,Aarav Nair
G-108,Subgroup 3,541,Shreya Rani
G-108,Subgroup 3,522,Nguyen Van Cuong
G-108,Subgroup 3,515,Lindsey Lin
G-108,Subgroup 3,516,Mae Chang
G-108,Subgroup 4,535,Ruby Diaz
G-108,Subgroup 4,545,Tara Lim
G-108,Subgroup 4,528,Raj Patel
G-108,Subgroup 4,544,Sophia Lee
G-108,Subgroup 4,539,Sheng Liu
G-108,Subgroup 5,536,Sakura Yamamoto
G-108,Subgroup 5,540,Shoji Takahashi
G-108,Subgroup 5,529,Rajendra Kumar
G-108,Subgroup 5,509,Hugo Long
G-108,Subgroup 5,527,Rafika Binti Harun
G-108,Subgroup 6,503,Cameron Ward
G-108,Subgroup 6,510,Ivy Wang
G-108,Subgroup 6,519,Matthew Martinez
G-108,Subgroup 6,526,Qing Liu
G-108,Subgroup 6,511,Julian Wu
G-108,Subgroup 7,518,Mason King
G-108,Subgroup 7,546,Vidya Menon
G-108,Subgroup 7,533,Riya Mehta
G-108,Subgroup 7,514,Liang Bo
G-108,Subgroup 7,521,Nadya Zainal
G-108,Subgroup 8,538,Shahril Bin Hamid
G-108,Subgroup 8,531,Randy Lim
G-108,Subgroup 8,523,Noah Gray
G-108,Subgroup 8,524,Pooja Nair
G-108,Subgroup 8,513,Liam Reddy
G-108,Subgroup 9,507,Harini Nair
G-108,Subgroup 9,525,Priya Menon
G-108,Subgroup 9,537,Samuel Lee
G-108,Subgroup 9,505,Chen Ming
G-108,Subgroup 9,504,Camila Allen
G-108,Subgroup 10,520,Maya Devi
G-108,Subgroup 10,512,Kendrick Alvarado
G-108,Subgroup 10,502,Caleb Parker
G-108,Subgroup 10,534,Rizqi Bin Farhan
G-108,Subgroup 10,501,Asher Thompson
G-109,Subgroup 1,551,Alia Mohd
G-109,Subgroup 1,557,Cassidy Wang
G-109,Subgroup 1,583,Ophelia Santos
G-109,Subgroup 1,558,Cheng Wei Yeo
G-109,Subgroup 1,560,Cole Moore
G-109,Subgroup 2,556,Carmen Tan
G-109,Subgroup 2,562,Hana Takemura
G-109,Subgroup 2,568,Kanti Gupta
G-109,Subgroup 2,571,Kong Wei Tan
G-109,Subgroup 2,570,Kenta Suzuki
G-109,Subgroup 3,564,Harlow Chen
G-109,Subgroup 3,566,Ifti Binti Rahman
G-109,Subgroup 3,587,Ritika Joshi
G-109,Subgroup 3,574,Logan Harris
G-109,Subgroup 3,578,Nitin Chaudhary
G-109,Subgroup 4,573,Liu Hong
G-109,Subgroup 4,581,Nori Matsuda
G-109,Subgroup 4,588,Riya Verma
G-109,Subgroup 4,584,Phan Van Hoa
G-109,Subgroup 4,555,Asad Ali
G-109,Subgroup 5,580,Norah Ng
G-109,Subgroup 5,589,Samantha Wilson
G-109,Subgroup 5,577,Nia Carter
G-109,Subgroup 5,598,Zhi Wei Lim
G-109,Subgroup 5,586,Rameez Shah
G-109,Subgroup 6,599,Zoey Chen
G-109,Subgroup 6,594,Suriya Tan
G-109,Subgroup 6,572,Lina Teo
G-109,Subgroup 6,553,Alvin Dela Cruz
G-109,Subgroup 6,591,Shahril Bin Muni
G-109,Subgroup 7,575,Maya Binti Rahim
G-109,Subgroup 7,595,Wendy Cheung
G-109,Subgroup 7,593,Sofia Wong
G-109,Subgroup 7,561,Fangling
G-109,Subgroup 7,550,Ajay Reddy
G-109,Subgroup 8,576,Miriam Tan
G-109,Subgroup 8,563,Hanh Pham
G-109,Subgroup 8,552,Alina Smith
G-109,Subgroup 8,565,Hussain Bin Mohd
G-109,Subgroup 8,569,Kendrick White
G-109,Subgroup 9,596,Xuefeng
G-109,Subgroup 9,590,Sana Rehman
G-109,Subgroup 9,559,Claire Bennett
G-109,Subgroup 9,579,Noah Harris
G-109,Subgroup 9,567,James Taylor
G-109,Subgroup 10,597,Zarina Binti Ibrahim
G-109,Subgroup 10,554,Arav Singh
G-109,Subgroup 10,582,Nova Ong
G-109,Subgroup 10,585,Raj Patel
G-109,Subgroup 10,592,Shahrir Bin Rahman
G-11,Subgroup 1,623,Kelly Lim
G-11,Subgroup 1,649,Zhao Rui
G-11,Subgroup 1,638,Seth Lim
G-11,Subgroup 1,610,Daya Kumari
G-11,Subgroup 1,607,Chengwei
G-11,Subgroup 2,641,Tara Kumar
G-11,Subgroup 2,605,Charlotte Martin
G-11,Subgroup 2,601,Alison Wong
G-11,Subgroup 2,639,Tania Kurnia
G-11,Subgroup 2,620,Jin Lee
G-11,Subgroup 3,626,Liang Mei
G-11,Subgroup 3,608,Chloe Hu
G-11,Subgroup 3,648,Zainab Rahman
G-11,Subgroup 3,640,Tanvi Agarwal
G-11,Subgroup 3,629,Nina Butler
G-11,Subgroup 4,636,Sana Ali
G-11,Subgroup 4,634,Richa Agarwal
G-11,Subgroup 4,604,Caleb Murphy
G-11,Subgroup 4,613,Elena Vladimirovna
G-11,Subgroup 4,618,Hugo Huang
G-11,Subgroup 5,619,Jacob Howard
G-11,Subgroup 5,647,Ying Zhao
G-11,Subgroup 5,615,Erqi
G-11,Subgroup 5,632,Peilin
G-11,Subgroup 5,635,Riya Khan
G-11,Subgroup 6,603,Arun Singh
G-11,Subgroup 6,602,Alondra Santos
G-11,Subgroup 6,637,Sebastian Mitchell
G-11,Subgroup 6,633,Peiyu
G-11,Subgroup 6,617,Ethan Ong
G-11,Subgroup 7,612,Dylan Anderson
G-11,Subgroup 7,622,Julian Tan
G-11,Subgroup 7,606,Charlotte Thomas
G-11,Subgroup 7,628,Nguyen Hoang Khoa
G-11,Subgroup 7,642,Tian Yi
G-11,Subgroup 8,621,Jovian Tan
G-11,Subgroup 8,624,Kunal Tan
G-11,Subgroup 8,611,Dewi Astuti
G-11,Subgroup 8,631,Nora Zhang
G-11,Subgroup 8,643,Tyler Moore
G-11,Subgroup 9,644,Wesley Turner
G-11,Subgroup 9,630,Noah Wilson
G-11,Subgroup 9,625,Lian Liu
G-11,Subgroup 9,614,Ella Johnson
G-11,Subgroup 9,600,Aisha Fitria
G-11,Subgroup 10,645,William Carter
G-11,Subgroup 10,646,William Lim
G-11,Subgroup 10,609,Cleo Wang
G-11,Subgroup 10,627,Neha Kapoor
G-11,Subgroup 10,616,Ethan Lee
G-110,Subgroup 1,655,Anya Bogdanova
G-110,Subgroup 1,680,Nurul Izzah
G-110,Subgroup 1,665,Fatima Binti
G-110,Subgroup 1,664,Faisal Malik
G-110,Subgroup 1,671,Jia Wei
G-110,Subgroup 2,675,Mizuki Yamashita
G-110,Subgroup 2,651,Alaina Chang
G-110,Subgroup 2,688,Sarah Wang
G-110,Subgroup 2,683,Rajesh Desai
G-110,Subgroup 2,668,Jamal Bin Rahman
G-110,Subgroup 3,691,Sukanya Das
G-110,Subgroup 3,698,Yuna Takahashi
G-110,Subgroup 3,650,Akemi Watanabe
G-110,Subgroup 3,663,Eric Wong
G-110,Subgroup 3,692,Tobias Alonzo
G-110,Subgroup 4,653,Anjali Sharma
G-110,Subgroup 4,674,Madison Edwards
G-110,Subgroup 4,676,Nadia Binti
G-110,Subgroup 4,672,Kevin Ross
G-110,Subgroup 4,666,Gage Yang
G-110,Subgroup 5,682,Quang Vu
G-110,Subgroup 5,699,Zara Binti
G-110,Subgroup 5,657,Aubrey Davis
G-110,Subgroup 5,669,Jason Lam
G-110,Subgroup 5,686,Rohan Shah
G-110,Subgroup 6,660,Cheng Wu
G-110,Subgroup 6,697,Ying Mei
G-110,Subgroup 6,656,Ashlyn Wu
G-110,Subgroup 6,689,Shi Wei Lim
G-110,Subgroup 6,693,Vincent Lim
G-110,Subgroup 7,685,Rina Ahmad
G-110,Subgroup 7,661,Chloe Turner
G-110,Subgroup 7,662,Emma Black
G-110,Subgroup 7,677,Nash Tan
G-110,Subgroup 7,690,Silas Kim
G-110,Subgroup 8,652,Alana Lee
G-110,Subgroup 8,684,Riley Baker
G-110,Subgroup 8,659,Brianna Foster
G-110,Subgroup 8,678,Nashit Lee
G-110,Subgroup 8,687,Samuel Cook
G-110,Subgroup 9,658,Avery Chan
G-110,Subgroup 9,695,Wendy Chia
G-110,Subgroup 9,696,Wren Tsai
G-110,Subgroup 9,694,Wei Jun
G-110,Subgroup 9,667,Glenn Wong
G-110,Subgroup 10,673,Laila Thomas
G-110,Subgroup 10,681,Olga Reyes
G-110,Subgroup 10,679,Nora Alia
G-110,Subgroup 10,654,Anthony Liu
G-110,Subgroup 10,670,Jaxon Lee
G-111,Subgroup 1,721,Kartik Reddy
G-111,Subgroup 1,726,Mateo Huang
G-111,Subgroup 1,742,Tian Hua
G-111,Subgroup 1,736,Shreya Iyer
G-111,Subgroup 1,711,Gina Wong
G-111,Subgroup 2,730,Panshi
G-111,Subgroup 2,708,Dylan Wang
G-111,Subgroup 2,716,Hiroshi Matsumoto
G-111,Subgroup 2,705,Deena Binti Mohd
G-111,Subgroup 2,725,Manisha Gupta
G-111,Subgroup 3,747,Wang Ming
G-111,Subgroup 3,709,Ethan James
G-111,Subgroup 3,735,Shinichi Nakagawa
G-111,Subgroup 3,717,Hong Mei
G-111,Subgroup 3,723,Lily Scott
G-111,Subgroup 4,722,Liam Wright
G-111,Subgroup 4,710,Gideon Green
G-111,Subgroup 4,719,Jaxon Green
G-111,Subgroup 4,748,Willow Chen
G-111,Subgroup 4,704,Chandni Verma
G-111,Subgroup 5,745,Tyler Reddy
G-111,Subgroup 5,720,Jaxon Wu
G-111,Subgroup 5,715,Haruto Suzuki
G-111,Subgroup 5,746,Violet Perez
G-111,Subgroup 5,739,Sophie Mendoza
G-111,Subgroup 6,703,Caleb Gray
G-111,Subgroup 6,741,Thomas Harris
G-111,Subgroup 6,744,Tristan Young
G-111,Subgroup 6,713,Haojun
G-111,Subgroup 6,701,Aisha Ali
G-111,Subgroup 7,731,Parker Martin
G-111,Subgroup 7,706,Deng Jian
G-111,Subgroup 7,712,Hao Xun
G-111,Subgroup 7,728,Nisha Malhotra
G-111,Subgroup 7,707,Dewi Sari
G-111,Subgroup 8,700,Afreen Bukhari
G-111,Subgroup 8,729,Oliver Chan
G-111,Subgroup 8,727,Mila Cook
G-111,Subgroup 8,743,Trisha Joshi
G-111,Subgroup 8,734,Samira Khan
G-111,Subgroup 9,737,Silas Wu
G-111,Subgroup 9,749,Xiong Wei Tan
G-111,Subgroup 9,732,Penny Wong
G-111,Subgroup 9,702,Angela Lim
G-111,Subgroup 9,738,Siti Nurhaliza Binti Idris
G-111,Subgroup 10,740,Tae-Jin Kim
G-111,Subgroup 10,733,Raghav Reddy
G-111,Subgroup 10,718,Jasmine Rivera
G-111,Subgroup 10,724,Madison Bailey
G-111,Subgroup 10,714,Harper Tan
G-112,Subgroup 1,783,Penny Kwan
G-112,Subgroup 1,792,Sofia Khanna
G-112,Subgroup 1,754,Bridgette Villanueva
G-112,Subgroup 1,775,Lincoln Yang
G-112,Subgroup 1,759,Dong Chen
G-112,Subgroup 2,764,Farah Binti Ibrahim
G-112,Subgroup 2,765,Fatima Noor
G-112,Subgroup 2,786,Ritika Patel
G-112,Subgroup 2,784,Ravi Deshmukh
G-112,Subgroup 2,782,Owais Javed
G-112,Subgroup 3,766,Fern Adams
G-112,Subgroup 3,762,Emma Davis
G-112,Subgroup 3,773,Laila Shah
G-112,Subgroup 3,763,Fadli Hidayat
G-112,Subgroup 3,789,Ryuu Tanaka
G-112,Subgroup 4,774,Layla Reddy
G-112,Subgroup 4,767,Irene Cheung
G-112,Subgroup 4,781,Ngoc Ho
G-112,Subgroup 4,752,Ashton Lee
G-112,Subgroup 4,787,Rocco Ong
G-112,Subgroup 5,794,Talia Li
G-112,Subgroup 5,785,Riley Jackson
G-112,Subgroup 5,771,Keiko Mori
G-112,Subgroup 5,755,Caleb Mitchell
G-112,Subgroup 5,753,Bingqi
G-112,Subgroup 6,797,Uma Lopez
G-112,Subgroup 6,788,Rowena Mendoza
G-112,Subgroup 6,793,Sophia Moore
G-112,Subgroup 6,758,Chen Yu
G-112,Subgroup 6,799,Zeke Yang
G-112,Subgroup 7,750,Alice Wang
G-112,Subgroup 7,770,Katia Tan
G-112,Subgroup 7,778,Mai Le
G-112,Subgroup 7,772,Kyle Yip
G-112,Subgroup 7,791,Sanjay Kapoor
G-112,Subgroup 8,751,Asha Tan
G-112,Subgroup 8,760,Elena Brown
G-112,Subgroup 8,779,Maris Tsai
G-112,Subgroup 8,780,Min Zhang
G-112,Subgroup 8,768,Jackson Yang
G-112,Subgroup 9,757,Charlotte Robinson
G-112,Subgroup 9,790,Sakura Watanabe
G-112,Subgroup 9,761,Ella Zhao
G-112,Subgroup 9,796,Theo Cooper
G-112,Subgroup 9,769,Jagdeep Singh
G-112,Subgroup 10,777,Mackenzie Russell
G-112,Subgroup 10,798,Ursula Turner
G-112,Subgroup 10,776,Linda Thomas
G-112,Subgroup 10,756,Cameron Tan
G-112,Subgroup 10,795,Tarun Nair
G-113,Subgroup 1,806,Clara Yang
G-113,Subgroup 1,811,Fatima Khan
G-113,Subgroup 1,808,Diana Prince
G-113,Subgroup 1,844,Yusuf Bin Sulaiman
G-113,Subgroup 1,849,Zhang Bo
G-113,Subgroup 2,821,Kendall Zhang
G-113,Subgroup 2,813,Grace Young
G-113,Subgroup 2,828,Maya Rahayu
G-113,Subgroup 2,800,Adrian Tan
G-113,Subgroup 2,845,Zahid Bin Rahman
G-113,Subgroup 3,833,Sadia Noor
G-113,Subgroup 3,843,Yara Chen
G-113,Subgroup 3,840,Tess Tsai
G-113,Subgroup 3,804,Bharat Menon
G-113,Subgroup 3,827,Maximus Wright
G-113,Subgroup 4,812,Gia Price
G-113,Subgroup 4,820,Kaitlyn Carter
G-113,Subgroup 4,847,Zain Malik
G-113,Subgroup 4,818,Jamal Santos
G-113,Subgroup 4,814,Han Chen Lim
G-113,Subgroup 5,823,Lara Lim
G-113,Subgroup 5,838,Suman Singh
G-113,Subgroup 5,835,Sherry Tan
G-113,Subgroup 5,830,Oscar Lee
G-113,Subgroup 5,825,Logan Green
G-113,Subgroup 6,834,Samantha Yang
G-113,Subgroup 6,848,Zara Price
G-113,Subgroup 6,837,Sonia Iyer
G-113,Subgroup 6,832,Rohan Tan
G-113,Subgroup 6,801,Ahmad bin Ismail
G-113,Subgroup 7,836,Siti binti Ahmad
G-113,Subgroup 7,802,Alya Binti Mohd
G-113,Subgroup 7,829,Natalie Chen
G-113,Subgroup 7,815,Isaac Wong
G-113,Subgroup 7,824,Leonardo Thomas
G-113,Subgroup 8,809,Elizaveta Antonova
G-113,Subgroup 8,807,Diana Binti Azhar
G-113,Subgroup 8,803,Amina Rahman
G-113,Subgroup 8,841,Vikram Joshi
G-113,Subgroup 8,817,Isaiah Murphy
G-113,Subgroup 9,842,Violet Ward
G-113,Subgroup 9,822,Kimi Wibowo
G-113,Subgroup 9,805,Brayden Torres
G-113,Subgroup 9,819,Jasper Wang
G-113,Subgroup 9,831,Rajiv Mehta
G-113,Subgroup 10,826,Lydia Wang
G-113,Subgroup 10,839,Taojie
G-113,Subgroup 10,816,Isaac Wright
G-113,Subgroup 10,846,Zahrah Binti Noor
G-113,Subgroup 10,810,Farrell Mendoza
G-114,Subgroup 1,858,Cheng Zhang
G-114,Subgroup 1,894,Thea Wang
G-114,Subgroup 1,868,Kabir Singh
G-114,Subgroup 1,874,Maya Zhao
G-114,Subgroup 1,898,Xiao Wei
G-114,Subgroup 2,886,Rosa Tan
G-114,Subgroup 2,869,Kira Foster
G-114,Subgroup 2,872,Lily Tan
G-114,Subgroup 2,888,Sana Malik
G-114,Subgroup 2,883,Rei Takahashi
G-114,Subgroup 3,892,Svetlana Petrovna
G-114,Subgroup 3,896,Wani Binti Azhar
G-114,Subgroup 3,861,Gauri Mehta
G-114,Subgroup 3,867,Jueqi
G-114,Subgroup 3,860,Dong-Wook Choi
G-114,Subgroup 4,862,Gloria Li
G-114,Subgroup 4,865,Iris Lim
G-114,Subgroup 4,873,Luna Tsai
G-114,Subgroup 4,851,Alan Chan
G-114,Subgroup 4,863,Guixiang
G-114,Subgroup 5,879,Nguyen Thi Thanh
G-114,Subgroup 5,875,Miho Nishimura
G-114,Subgroup 5,878,Misha Rani
G-114,Subgroup 5,899,Zachary Tan
G-114,Subgroup 5,895,Troy Wong
G-114,Subgroup 6,850,Abigail Lewis
G-114,Subgroup 6,890,Sofia Cheng
G-114,Subgroup 6,854,Ariana Richardson
G-114,Subgroup 6,882,Ravi Chandran
G-114,Subgroup 6,880,Oki Andri
G-114,Subgroup 7,857,Bella Goh
G-114,Subgroup 7,884,Rida Khan
G-114,Subgroup 7,870,Li Chan
G-114,Subgroup 7,889,Shawn Ng
G-114,Subgroup 7,885,Rohan Sharma
G-114,Subgroup 8,877,Mira Khan
G-114,Subgroup 8,864,Hannah Tan
G-114,Subgroup 8,855,Aubree King
G-114,Subgroup 8,893,Tariq Khan
G-114,Subgroup 8,853,Amit Sharma
G-114,Subgroup 9,891,Sophie Patel
G-114,Subgroup 9,876,Mila Wang
G-114,Subgroup 9,852,Alia Zainal
G-114,Subgroup 9,897,Xander Morris
G-114,Subgroup 9,856,Azman bin Rahman
G-114,Subgroup 10,887,Saira Raza
G-114,Subgroup 10,859,Deepa Sharma
G-114,Subgroup 10,871,Lia Harum
G-114,Subgroup 10,866,Isaac Lee
G-114,Subgroup 10,881,Orion Setiawan
G-115,Subgroup 1,903,Ananya Doshi
G-115,Subgroup 1,917,Isabella Ward
G-115,Subgroup 1,913,Gordon Yip
G-115,Subgroup 1,942,Sanya Ahuja
G-115,Subgroup 1,940,Saira Iqbal
G-115,Subgroup 2,916,Hina Bukhari
G-115,Subgroup 2,902,Amber Chen
G-115,Subgroup 2,931,Nathan Davis
G-115,Subgroup 2,919,James Wright
G-115,Subgroup 2,932,Nathan Diaz
G-115,Subgroup 3,927,Meghan Carter
G-115,Subgroup 3,939,Ryoji Yamamoto
G-115,Subgroup 3,912,Fiona Li
G-115,Subgroup 3,921,Kieran Zhao
G-115,Subgroup 3,901,Alya Binti Zainal
G-115,Subgroup 4,944,Siti Nora
G-115,Subgroup 4,900,Alexander Phillips
G-115,Subgroup 4,906,Aoi Tanaka
G-115,Subgroup 4,936,Pooja Mehra
G-115,Subgroup 4,926,Luna Flores
G-115,Subgroup 5,945,Sophie Tsai
G-115,Subgroup 5,907,Caleb Wright
G-115,Subgroup 5,937,Rhea Wu
G-115,Subgroup 5,910,Derrick Lim
G-115,Subgroup 5,925,Ling Liu
G-115,Subgroup 6,929,Miyuki Nishimura
G-115,Subgroup 6,909,David Stewart
G-115,Subgroup 6,933,Nguyen Van Loc
G-115,Subgroup 6,915,Hendrix Yang
G-115,Subgroup 6,911,Ella Chen
G-115,Subgroup 7,918,Jai Singh
G-115,Subgroup 7,905,Anna Kim
G-115,Subgroup 7,908,Daiki Matsumoto
G-115,Subgroup 7,904,Anaya Shah
G-115,Subgroup 7,934,Nida Rehman
G-115,Subgroup 8,920,Jaxon Young
G-115,Subgroup 8,924,Lilly Wong
G-115,Subgroup 8,943,Shaista Iqbal
G-115,Subgroup 8,928,Mira Agustina
G-115,Subgroup 8,922,Kohei Tanaka
G-115,Subgroup 9,930,Mukesh Kumar
G-115,Subgroup 9,941,Samantha Lim
G-115,Subgroup 9,938,Ryan Edwards
G-115,Subgroup 9,948,Yui Kobayashi
G-115,Subgroup 9,946,Talha Malik
G-115,Subgroup 10,935,Oliver Lim
G-115,Subgroup 10,914,Harry Li
G-115,Subgroup 10,947,Weimin
G-115,Subgroup 10,923,Layla Carter
G-115,Subgroup 10,949,Zhi Yi Lim
G-116,Subgroup 1,951,Aarav Verma
G-116,Subgroup 1,973,Jovian Liu
G-116,Subgroup 1,992,Sophia Yang
G-116,Subgroup 1,955,Amira Hasan
G-116,Subgroup 1,987,Riley Lin
G-116,Subgroup 2,979,Mohammed Hafiz
G-116,Subgroup 2,956,Anu Iyer
G-116,Subgroup 2,960,Derek Adams
G-116,Subgroup 2,976,Lorenzo Wu
G-116,Subgroup 2,970,Harlan Perdana
G-116,Subgroup 3,989,Samuel Patel
G-116,Subgroup 3,978,Maya Ali
G-116,Subgroup 3,954,Amina Begum
G-116,Subgroup 3,961,Derek Lee
G-116,Subgroup 3,974,Jueqi
G-116,Subgroup 4,959,Charlotte Walker
G-116,Subgroup 4,988,Rina Patel
G-116,Subgroup 4,990,Serena Xiao
G-116,Subgroup 4,965,Fengguo
G-116,Subgroup 4,958,Ashok Nair
G-116,Subgroup 5,982,Nguyen Thi Thao
G-116,Subgroup 5,996,Willow Li
G-116,Subgroup 5,977,Lucy Chen
G-116,Subgroup 5,980,Nafisa Shah
G-116,Subgroup 5,983,Nicolas Ramos
G-116,Subgroup 6,999,Zoe Brown
G-116,Subgroup 6,962,Dong Chen
G-116,Subgroup 6,997,Zahra Yousaf
G-116,Subgroup 6,957,Asher Hill
G-116,Subgroup 6,963,Dongmei
G-116,Subgroup 7,991,Sonia Verma
G-116,Subgroup 7,968,Gavin Smith
G-116,Subgroup 7,964,Eric Liu
G-116,Subgroup 7,966,Fern Ng
G-116,Subgroup 7,984,Nina Khan
G-116,Subgroup 8,993,Sophie Martinez
G-116,Subgroup 8,971,Henry Liu
G-116,Subgroup 8,998,Zain Ali
G-116,Subgroup 8,975,Kimberly Lim
G-116,Subgroup 8,950,Aarav Gupta
G-116,Subgroup 9,953,Ahmad Raza
G-116,Subgroup 9,967,Gabriel Edwards
G-116,Subgroup 9,969,Hao Wei Tan
G-116,Subgroup 9,972,Hikaru Matsumoto
G-116,Subgroup 9,952,Adrian Zhang
G-116,Subgroup 10,986,Quinn Lim
G-116,Subgroup 10,994,Suman Verma
G-116,Subgroup 10,981,Nguyen Minh Quang
G-116,Subgroup 10,985,Nurul Aini
G-116,Subgroup 10,995,Tina Ho
G-117,Subgroup 1,1019,Gita Ayu
G-117,Subgroup 1,1013,Ember Chang
G-117,Subgroup 1,1039,Qori Putri
G-117,Subgroup 1,1002,Aidan Scott
G-117,Subgroup 1,1000,Aditya Tan
G-117,Subgroup 2,1030,Kylie Roberts
G-117,Subgroup 2,1016,Farah Binti
G-117,Subgroup 2,1007,Claudia Wang
G-117,Subgroup 2,1008,Daniel Patel
G-117,Subgroup 2,1047,Zane Navarro
G-117,Subgroup 3,1038,Pamela Reyes
G-117,Subgroup 3,1020,Hani Suharni
G-117,Subgroup 3,1027,Katherine Ho
G-117,Subgroup 3,1011,Dustin Zhao
G-117,Subgroup 3,1017,Felix Lim
G-117,Subgroup 4,1045,Ying Yi
G-117,Subgroup 4,1028,Kavita Desai
G-117,Subgroup 4,1031,Leah Tan
G-117,Subgroup 4,1043,Ulysses Chan
G-117,Subgroup 4,1026,Jun Yi Tan
G-117,Subgroup 5,1024,Isabella Miller
G-117,Subgroup 5,1048,Zelda Ong
G-117,Subgroup 5,1042,Tian Yi Tan
G-117,Subgroup 5,1010,Dhruv Sharma
G-117,Subgroup 5,1046,Yuki Sato
G-117,Subgroup 6,1029,Kiran Reddy
G-117,Subgroup 6,1041,Shanice Tan
G-117,Subgroup 6,1040,Rizwan Raza
G-117,Subgroup 6,1049,Zhi Wei Lim
G-117,Subgroup 6,1025,Jin Yu Tan
G-117,Subgroup 7,1018,Fuzheng
G-117,Subgroup 7,1003,Aminah Safwan
G-117,Subgroup 7,1044,Vina Ratnasari
G-117,Subgroup 7,1001,Adrian Lee
G-117,Subgroup 7,1035,Mingyu
G-117,Subgroup 8,1036,Miyuki Takeda
G-117,Subgroup 8,1006,Chloe Zhang
G-117,Subgroup 8,1004,Aurora Price
G-117,Subgroup 8,1009,Derek Martinez
G-117,Subgroup 8,1021,Hao Chen Lee
G-117,Subgroup 9,1015,Farah Ahmed
G-117,Subgroup 9,1014,Evelyn Rodriguez
G-117,Subgroup 9,1005,Chen Ya
G-117,Subgroup 9,1022,Hikaru Tanaka
G-117,Subgroup 9,1032,Liam Ali
G-117,Subgroup 10,1034,Maira Malik
G-117,Subgroup 10,1033,Maira Binti Rahman
G-117,Subgroup 10,1037,Nisha Rani
G-117,Subgroup 10,1012,Dylan Li
G-117,Subgroup 10,1023,Ihsan Rahma
G-118,Subgroup 1,1078,Marcus Lim
G-118,Subgroup 1,1097,Theodore Yang
G-118,Subgroup 1,1092,Seth Li
G-118,Subgroup 1,1090,Riya Bhatia
G-118,Subgroup 1,1065,Gwen Alvarado
G-118,Subgroup 2,1081,Ningyi
G-118,Subgroup 2,1098,Uriah Howard
G-118,Subgroup 2,1068,Isaiah Huang
G-118,Subgroup 2,1096,Tanya Tan
G-118,Subgroup 2,1077,Luna Chen
G-118,Subgroup 3,1056,Chen Liu
G-118,Subgroup 3,1074,Liam Zhang
G-118,Subgroup 3,1079,Maximus Davis
G-118,Subgroup 3,1072,Kylie Torres
G-118,Subgroup 3,1073,Lan Liu
G-118,Subgroup 4,1063,Feng Zhao
G-118,Subgroup 4,1088,Randy Lim
G-118,Subgroup 4,1053,Aleksey Ivanov
G-118,Subgroup 4,1094,Sonya Tan
G-118,Subgroup 4,1052,Aki Nishimura
G-118,Subgroup 5,1069,Jacob Edwards
G-118,Subgroup 5,1095,Sufyan Bin Ramli
G-118,Subgroup 5,1071,Kiran Reddy
G-118,Subgroup 5,1059,Divya Mehta
G-118,Subgroup 5,1050,Aaliyah Brooks
G-118,Subgroup 6,1070,Kendall Smith
G-118,Subgroup 6,1061,Dylan Tan
G-118,Subgroup 6,1064,Guang Li
G-118,Subgroup 6,1093,Shreya Mehta
G-118,Subgroup 6,1080,Neha Gupta
G-118,Subgroup 7,1055,Cameron Carter
G-118,Subgroup 7,1076,Luca Torres
G-118,Subgroup 7,1089,Ravi Reddy
G-118,Subgroup 7,1084,Peyton Simmons
G-118,Subgroup 7,1086,Radhika Iyer
G-118,Subgroup 8,1057,Dane Santos
G-118,Subgroup 8,1099,Zeke Villanueva
G-118,Subgroup 8,1066,Hugo Wong
G-118,Subgroup 8,1085,Qing Zhao
G-118,Subgroup 8,1067,Ika Putri
G-118,Subgroup 9,1082,Noah Yang
G-118,Subgroup 9,1091,Sandeep Sharma
G-118,Subgroup 9,1060,Dorian Yang
G-118,Subgroup 9,1051,Addison Young
G-118,Subgroup 9,1083,Olive James
G-118,Subgroup 10,1087,Rafiq Bin Omar
G-118,Subgroup 10,1058,David Phillips
G-118,Subgroup 10,1075,Linh Vu
G-118,Subgroup 10,1054,Autumn Chen
G-118,Subgroup 10,1062,Eliana Tan
G-119,Subgroup 1,1108,Cassandra Wu
G-119,Subgroup 1,1117,Jing Li
G-119,Subgroup 1,1102,Amelia Young
G-119,Subgroup 1,1137,Ravi Tan
G-119,Subgroup 1,1128,Manoj Pillai
G-119,Subgroup 2,1130,Mila Sanchez
G-119,Subgroup 2,1142,Shayla Wu
G-119,Subgroup 2,1135,Qiao Yu
G-119,Subgroup 2,1119,Kamran Shah
G-119,Subgroup 2,1138,Ryan James
G-119,Subgroup 3,1149,Truong Thi Hai
G-119,Subgroup 3,1112,Emma Lee
G-119,Subgroup 3,1144,Siti Aida
G-119,Subgroup 3,1101,Adriel Chen
G-119,Subgroup 3,1133,Nikhil Kumar
G-119,Subgroup 4,1115,Irina Petrovna
G-119,Subgroup 4,1136,Ravi Kumar
G-119,Subgroup 4,1139,Sabrina Lee
G-119,Subgroup 4,1114,Felix Wong
G-119,Subgroup 4,1127,Malcolm Tan
G-119,Subgroup 5,1146,Sophie Garcia
G-119,Subgroup 5,1147,Sora Nishimura
G-119,Subgroup 5,1134,Priya Reddy
G-119,Subgroup 5,1143,Shazwan Bin Rahman
G-119,Subgroup 5,1120,Karthik Nair
G-119,Subgroup 6,1104,Anoushka Rao
G-119,Subgroup 6,1113,Felicity Tan
G-119,Subgroup 6,1124,Linh Tran
G-119,Subgroup 6,1116,Jackson Yang
G-119,Subgroup 6,1132,Nguyen Van Phuc
G-119,Subgroup 7,1122,Lana Cooper
G-119,Subgroup 7,1107,Carmen Li
G-119,Subgroup 7,1118,Kaitlyn Morris
G-119,Subgroup 7,1103,Andrew Wong
G-119,Subgroup 7,1111,Dante Wong
G-119,Subgroup 8,1129,Mariah Mendoza
G-119,Subgroup 8,1148,Tania Lim
G-119,Subgroup 8,1121,Katrina Tan
G-119,Subgroup 8,1126,Malcolm Chen
G-119,Subgroup 8,1105,Ben Tan
G-119,Subgroup 9,1145,Siti Nur
G-119,Subgroup 9,1131,Mila Torres
G-119,Subgroup 9,1125,Luming
G-119,Subgroup 9,1106,Cai Wei
G-119,Subgroup 9,1100,Adam Patterson
G-119,Subgroup 10,1110,Clara Lee
G-119,Subgroup 10,1140,Sabrina Tan
G-119,Subgroup 10,1141,Seth Li
G-119,Subgroup 10,1109,Christopher Martinez
G-119,Subgroup 10,1123,Liam Walker
G-12,Subgroup 1,1197,Yui Yamamoto
G-12,Subgroup 1,1159,Fabian Navarro
G-12,Subgroup 1,1176,Liam Torres
G-12,Subgroup 1,1153,Anaya Mehta
G-12,Subgroup 1,1155,Ayaan Tan
G-12,Subgroup 2,1196,Vesper Salazar
G-12,Subgroup 2,1189,Siddharth Patel
G-12,Subgroup 2,1152,Adrian Wong
G-12,Subgroup 2,1187,Sadiya Iqbal
G-12,Subgroup 2,1194,Stephen Evans
G-12,Subgroup 3,1182,Nash Tan
G-12,Subgroup 3,1158,Diya Yadav
G-12,Subgroup 3,1171,Jovian Tan
G-12,Subgroup 3,1190,Sienna Zhang
G-12,Subgroup 3,1169,Jin-Ah Park
G-12,Subgroup 4,1183,Nitesh Singh
G-12,Subgroup 4,1174,Kendall Cooper
G-12,Subgroup 4,1167,Isabella Zhao
G-12,Subgroup 4,1161,Fatima Zainal
G-12,Subgroup 4,1185,Rakesh Nair
G-12,Subgroup 5,1179,Malachi Liu
G-12,Subgroup 5,1191,Skye Huang
G-12,Subgroup 5,1162,Freya Li
G-12,Subgroup 5,1180,Meera Reddy
G-12,Subgroup 5,1177,Liam Yip
G-12,Subgroup 6,1199,Zhonghua
G-12,Subgroup 6,1192,Sofia Ali
G-12,Subgroup 6,1165,Huang Wei
G-12,Subgroup 6,1195,Tilly Ramos
G-12,Subgroup 6,1193,Sofia Nelson
G-12,Subgroup 7,1181,Miriam Alvarado
G-12,Subgroup 7,1184,Penny Lim
G-12,Subgroup 7,1175,Kenshin Hayashi
G-12,Subgroup 7,1172,Kai Zhang
G-12,Subgroup 7,1160,Farhan Bin Azhar
G-12,Subgroup 8,1157,Chloe Lee
G-12,Subgroup 8,1166,Ian Alonzo
G-12,Subgroup 8,1198,Yuri Mikhailov
G-12,Subgroup 8,1173,Keegan Li
G-12,Subgroup 8,1163,Hannah Robinson
G-12,Subgroup 9,1186,Ranya Lim
G-12,Subgroup 9,1188,Scarlett Gonzalez
G-12,Subgroup 9,1164,Harper Martinez
G-12,Subgroup 9,1150,Aarav Sinha
G-12,Subgroup 9,1154,Ashlyn Wang
G-12,Subgroup 10,1151,Aarav Tan
G-12,Subgroup 10,1156,Budi Santoso
G-12,Subgroup 10,1178,Lily Nguyen
G-12,Subgroup 10,1170,Jin-Woo Seo
G-12,Subgroup 10,1168,Jayden Smith
G-120,Subgroup 1,1206,Derek Tan
G-120,Subgroup 1,1217,Jessica Lee
G-120,Subgroup 1,1223,Levi Parker
G-120,Subgroup 1,1246,Yani Santoso
G-120,Subgroup 1,1209,Fauzi Bin Zain
G-120,Subgroup 2,1207,Dong-Il Kim
G-120,Subgroup 2,1231,Riku Tanaka
G-120,Subgroup 2,1221,Kai Wei
G-120,Subgroup 2,1212,Jackson Moore
G-120,Subgroup 2,1219,John Walker
G-120,Subgroup 3,1225,Marcus Chen
G-120,Subgroup 3,1227,Oliver Wu
G-120,Subgroup 3,1224,Lucas Gonzalez
G-120,Subgroup 3,1228,Omar Chen
G-120,Subgroup 3,1226,Nolan Foster
G-120,Subgroup 4,1210,Giselle Bautista
G-120,Subgroup 4,1230,Ravi Gupta
G-120,Subgroup 4,1204,Christopher Harris
G-120,Subgroup 4,1203,Charlotte Alexander
G-120,Subgroup 4,1214,Janet Ng
G-120,Subgroup 5,1222,Kang Lei
G-120,Subgroup 5,1237,Samuel Cook
G-120,Subgroup 5,1248,Yasir Shah
G-120,Subgroup 5,1213,Janelle Huang
G-120,Subgroup 5,1205,Deng Li
G-120,Subgroup 6,1234,Samantha Cooper
G-120,Subgroup 6,1202,Briar Young
G-120,Subgroup 6,1249,Yasmin Kaur
G-120,Subgroup 6,1235,Samantha Lee
G-120,Subgroup 6,1208,Faisal Bin Yusof
G-120,Subgroup 7,1211,Isaac Wu
G-120,Subgroup 7,1241,Tina Sun
G-120,Subgroup 7,1201,Ava Rodriguez
G-120,Subgroup 7,1240,Taro Suzuki
G-120,Subgroup 7,1243,Victoria Choi
G-120,Subgroup 8,1232,Rishi Singh
G-120,Subgroup 8,1218,Jing Chen
G-120,Subgroup 8,1239,Sophia White
G-120,Subgroup 8,1229,Rachel Yeo
G-120,Subgroup 8,1216,Jayden Clark
G-120,Subgroup 9,1215,Jasmine Khan
G-120,Subgroup 9,1242,Victor Andreyev
G-120,Subgroup 9,1245,Yani Rahmadani
G-120,Subgroup 9,1244,Yan Li
G-120,Subgroup 9,1233,Ruiwen
G-120,Subgroup 10,1220,Joni Setiawan
G-120,Subgroup 10,1236,Samantha Patel
G-120,Subgroup 10,1200,Ashok Patil
G-120,Subgroup 10,1247,Yara Price
G-120,Subgroup 10,1238,Sneha Chakraborty
G-13,Subgroup 1,1271,Kiran Patel
G-13,Subgroup 1,1275,Lola Wong
G-13,Subgroup 1,1280,Nina Tan
G-13,Subgroup 1,1293,Wahyu Prabowo
G-13,Subgroup 1,1295,Wyatt Ward
G-13,Subgroup 2,1272,Leila Shah
G-13,Subgroup 2,1298,Zara Ho
G-13,Subgroup 2,1269,Kaori Nakajima
G-13,Subgroup 2,1276,Lucas Peterson
G-13,Subgroup 2,1259,Eli Chen
G-13,Subgroup 3,1277,Lydia Patterson
G-13,Subgroup 3,1273,Lila Reed
G-13,Subgroup 3,1279,Meiling
G-13,Subgroup 3,1292,Vivek Sethi
G-13,Subgroup 3,1287,Ryan Edwards
G-13,Subgroup 4,1296,Yara Ross
G-13,Subgroup 4,1284,Qori Amalia
G-13,Subgroup 4,1261,Evelyn Robinson
G-13,Subgroup 4,1263,Harish Rao
G-13,Subgroup 4,1270,Kieran Kim
G-13,Subgroup 5,1274,Ling Zhang
G-13,Subgroup 5,1278,Meena Iyer
G-13,Subgroup 5,1260,Emily Chua
G-13,Subgroup 5,1268,Jia Li
G-13,Subgroup 5,1283,Paul Kim
G-13,Subgroup 6,1281,Nora Bell
G-13,Subgroup 6,1250,Aiko Watanabe
G-13,Subgroup 6,1297,Yun Li
G-13,Subgroup 6,1252,Anthony Morgan
G-13,Subgroup 6,1256,Denny Saputra
G-13,Subgroup 7,1286,Ruiwen
G-13,Subgroup 7,1251,Alyssa Garcia
G-13,Subgroup 7,1290,Svetlana Egorova
G-13,Subgroup 7,1258,Dustin Zhao
G-13,Subgroup 7,1294,Wenkai
G-13,Subgroup 8,1299,Zara Wang
G-13,Subgroup 8,1282,Olivia Allen
G-13,Subgroup 8,1262,Fang Hong
G-13,Subgroup 8,1267,Jackie Robinson
G-13,Subgroup 8,1253,Arnav Yadav
G-13,Subgroup 9,1257,Diya Mukherjee
G-13,Subgroup 9,1291,Tasneem Javed
G-13,Subgroup 9,1288,Shun Takahashi
G-13,Subgroup 9,1264,Hendrik Surya
G-13,Subgroup 9,1266,Hussain Bin Mohd
G-13,Subgroup 10,1265,Huiqin
G-13,Subgroup 10,1289,Su Ling
G-13,Subgroup 10,1285,Rahul Joshi
G-13,Subgroup 10,1254,Boris Volkov
G-13,Subgroup 10,1255,Colton Roberts
G-14,Subgroup 1,1310,Emily Harris
G-14,Subgroup 1,1304,Carmen Lee
G-14,Subgroup 1,1316,Henry Morales
G-14,Subgroup 1,1325,Min-Jae Park
G-14,Subgroup 1,1317,Hugo Huang
G-14,Subgroup 2,1326,Quinn Dela Cruz
G-14,Subgroup 2,1337,Siti Aisyah
G-14,Subgroup 2,1324,Madiha Qureshi
G-14,Subgroup 2,1331,Samuel Morgan
G-14,Subgroup 2,1322,Liang Hong
G-14,Subgroup 3,1336,Sharifah Ali
G-14,Subgroup 3,1300,Aiko Kimura
G-14,Subgroup 3,1346,Xyla Cruz
G-14,Subgroup 3,1345,Xander Wong
G-14,Subgroup 3,1329,Riya Yadav
G-14,Subgroup 4,1342,Tian Wang
G-14,Subgroup 4,1313,Hana Yamamoto
G-14,Subgroup 4,1343,Veera Kumar
G-14,Subgroup 4,1347,Yusuf Bin Sulaiman
G-14,Subgroup 4,1305,Chandra Widyanto
G-14,Subgroup 5,1312,Freddie Wong
G-14,Subgroup 5,1319,Jenna Wong
G-14,Subgroup 5,1302,Ashraff Bin Mohd
G-14,Subgroup 5,1349,Zhou Min
G-14,Subgroup 5,1339,Stella Green
G-14,Subgroup 6,1334,Shahid Malik
G-14,Subgroup 6,1327,Rabia Noor
G-14,Subgroup 6,1309,Eko Prasetyo
G-14,Subgroup 6,1330,Rizal Ramadhan
G-14,Subgroup 6,1335,Shamita Rani
G-14,Subgroup 7,1306,Chloe Ng
G-14,Subgroup 7,1314,Hao Xiang Tan
G-14,Subgroup 7,1315,Henry King
G-14,Subgroup 7,1333,Sanjana Mehta
G-14,Subgroup 7,1307,Diana Kwan
G-14,Subgroup 8,1311,Fatimah Rahman
G-14,Subgroup 8,1341,Talia Chang
G-14,Subgroup 8,1332,Samuel Torres
G-14,Subgroup 8,1328,Riley Kim
G-14,Subgroup 8,1344,Winston Yang
G-14,Subgroup 9,1318,Hui Yao Tan
G-14,Subgroup 9,1320,Jing Yi
G-14,Subgroup 9,1340,Steve Lau
G-14,Subgroup 9,1308,Dylan Adams
G-14,Subgroup 9,1301,Anita Clarke
G-14,Subgroup 10,1323,Linda Wong
G-14,Subgroup 10,1303,Brendan James
G-14,Subgroup 10,1348,Yvonne Ko
G-14,Subgroup 10,1338,Sophie Liao
G-14,Subgroup 10,1321,Kai Wong
G-15,Subgroup 1,1368,Leo Cooper
G-15,Subgroup 1,1393,Yun Zhang
G-15,Subgroup 1,1392,Xiangqi
G-15,Subgroup 1,1360,Felicity Morgan
G-15,Subgroup 1,1371,Meenakshi Iyer
G-15,Subgroup 2,1387,Truong Van Hoang
G-15,Subgroup 2,1380,Seng Wei Lim
G-15,Subgroup 2,1350,Aaron Taylor
G-15,Subgroup 2,1396,Zahra Khan
G-15,Subgroup 2,1373,Neelam Patel
G-15,Subgroup 3,1353,Azhar Khan
G-15,Subgroup 3,1352,Andrew Clark
G-15,Subgroup 3,1362,Haroon Qureshi
G-15,Subgroup 3,1378,Samantha Wu
G-15,Subgroup 3,1365,Isabella Wilson
G-15,Subgroup 4,1364,Isaac Tan
G-15,Subgroup 4,1367,Jayden Lee
G-15,Subgroup 4,1388,Tyler Johnson
G-15,Subgroup 4,1379,Sania Noor
G-15,Subgroup 4,1372,Mira Sulaiman
G-15,Subgroup 5,1369,Levi Price
G-15,Subgroup 5,1376,Rory Hughes
G-15,Subgroup 5,1390,Warner Ng
G-15,Subgroup 5,1375,Noor Rani
G-15,Subgroup 5,1398,Zoe Lim
G-15,Subgroup 6,1385,Soren Wu
G-15,Subgroup 6,1386,Sung-Min Yoo
G-15,Subgroup 6,1354,Beckett Lee
G-15,Subgroup 6,1381,Shaima Binti Rahman
G-15,Subgroup 6,1357,Deepika Singh
G-15,Subgroup 7,1395,Zachary Walker
G-15,Subgroup 7,1391,Wu Bin
G-15,Subgroup 7,1397,Zhao Li
G-15,Subgroup 7,1361,Hani Susanti
G-15,Subgroup 7,1399,Zoe Lin
G-15,Subgroup 8,1351,Aditi Bhat
G-15,Subgroup 8,1359,Dominic Yang
G-15,Subgroup 8,1356,Caleb Hughes
G-15,Subgroup 8,1374,Nguyen Thi Thuy
G-15,Subgroup 8,1384,Soniya Malik
G-15,Subgroup 9,1355,Brendan James
G-15,Subgroup 9,1363,Hassan Bin Yusof
G-15,Subgroup 9,1358,Derek Tan
G-15,Subgroup 9,1377,Saki Watanabe
G-15,Subgroup 9,1389,Victoria Wang
G-15,Subgroup 10,1383,Siddharth Iyer
G-15,Subgroup 10,1394,Zachary Garcia
G-15,Subgroup 10,1382,Shanaz Iqbal
G-15,Subgroup 10,1370,Lily Ng
G-15,Subgroup 10,1366,Isha Tan
G-16,Subgroup 1,1432,Noor Jahan
G-16,Subgroup 1,1408,Derek Hill
G-16,Subgroup 1,1403,Anita Patel
G-16,Subgroup 1,1427,Maya Tan
G-16,Subgroup 1,1440,Sylvia Tan
G-16,Subgroup 2,1433,Ritika Singh
G-16,Subgroup 2,1413,Henry Cheung
G-16,Subgroup 2,1425,Mabel Turner
G-16,Subgroup 2,1411,Eva Cooper
G-16,Subgroup 2,1420,Liam Hughes
G-16,Subgroup 3,1407,Derek Bautista
G-16,Subgroup 3,1447,William Li
G-16,Subgroup 3,1402,Ami Mori
G-16,Subgroup 3,1428,Mia Clark
G-16,Subgroup 3,1448,Xiuqin
G-16,Subgroup 4,1410,Dylan Lewis
G-16,Subgroup 4,1449,Zhen Li
G-16,Subgroup 4,1438,Soo-Min Park
G-16,Subgroup 4,1429,Naina Mehta
G-16,Subgroup 4,1426,Maya Alexander
G-16,Subgroup 5,1421,Liam Reddy
G-16,Subgroup 5,1409,Durga Sharma
G-16,Subgroup 5,1444,Usman Iqbal
G-16,Subgroup 5,1418,Kathy Yip
G-16,Subgroup 5,1441,Tristan Lim
G-16,Subgroup 6,1405,Chen Wang
G-16,Subgroup 6,1422,Lihua
G-16,Subgroup 6,1406,Chloe Green
G-16,Subgroup 6,1419,Khalid Malik
G-16,Subgroup 6,1434,Samara Chang
G-16,Subgroup 7,1446,Wesley Villanueva
G-16,Subgroup 7,1424,Lydia Yip
G-16,Subgroup 7,1436,Shu Fang
G-16,Subgroup 7,1445,Wei Jie
G-16,Subgroup 7,1415,Ivan Wong
G-16,Subgroup 8,1412,Geeta Reddy
G-16,Subgroup 8,1435,Sanjana Gupta
G-16,Subgroup 8,1400,Aishwarya Nair
G-16,Subgroup 8,1416,Jane Lee
G-16,Subgroup 8,1414,Hiroshi Yamashita
G-16,Subgroup 9,1439,Sophia Davis
G-16,Subgroup 9,1401,Albert Yip
G-16,Subgroup 9,1423,Lydia Chen
G-16,Subgroup 9,1417,Jeremiah Santos
G-16,Subgroup 9,1437,Shuqi
G-16,Subgroup 10,1443,Ursula Cruz
G-16,Subgroup 10,1404,Caleb Yang
G-16,Subgroup 10,1430,Nazia Nadeem
G-16,Subgroup 10,1431,Nitin Kumar
G-16,Subgroup 10,1442,Tyson Scott
G-17,Subgroup 1,1483,Sadia Bukhari
G-17,Subgroup 1,1487,Sofia Lee
G-17,Subgroup 1,1492,Violet Zhou
G-17,Subgroup 1,1474,Minh Dao
G-17,Subgroup 1,1480,Ritika Ali
G-17,Subgroup 2,1453,Anil Mehta
G-17,Subgroup 2,1488,Tina Lim
G-17,Subgroup 2,1460,Gwen Lee
G-17,Subgroup 2,1495,Xiao Yu
G-17,Subgroup 2,1457,Evan Thomas
G-17,Subgroup 3,1467,Joshua Thomas
G-17,Subgroup 3,1490,Uriah Ramos
G-17,Subgroup 3,1459,George Wilson
G-17,Subgroup 3,1466,Jin Ho
G-17,Subgroup 3,1482,Rui Jin Tan
G-17,Subgroup 4,1476,Nash Reddy
G-17,Subgroup 4,1491,Vinay Nair
G-17,Subgroup 4,1469,Kenta Takahashi
G-17,Subgroup 4,1475,Mohammed Ali
G-17,Subgroup 4,1451,Aleksei Koval
G-17,Subgroup 5,1499,Zulaikha Binti Mohd
G-17,Subgroup 5,1478,Peiyu
G-17,Subgroup 5,1473,Meher Awan
G-17,Subgroup 5,1481,Rohan Kumar
G-17,Subgroup 5,1461,Harrison Mendoza
G-17,Subgroup 6,1450,Aaron Lee
G-17,Subgroup 6,1496,Yuna Tan
G-17,Subgroup 6,1484,Sana Johar
G-17,Subgroup 6,1462,Huifen
G-17,Subgroup 6,1463,James Tan
G-17,Subgroup 7,1456,Edison Raka
G-17,Subgroup 7,1454,Anya Mohd
G-17,Subgroup 7,1489,Toshiro Takashima
G-17,Subgroup 7,1498,Zara Mitchell
G-17,Subgroup 7,1458,Geeta Kaur
G-17,Subgroup 8,1468,Kenny Lim
G-17,Subgroup 8,1485,Scarlett Tan
G-17,Subgroup 8,1472,Maya Johnson
G-17,Subgroup 8,1455,Diyana Binti Kamar
G-17,Subgroup 8,1479,Reza Khan
G-17,Subgroup 9,1471,Maya Binti Azman
G-17,Subgroup 9,1497,Zain Ali
G-17,Subgroup 9,1493,Wang Feng
G-17,Subgroup 9,1452,Angela Zhang
G-17,Subgroup 9,1494,Wawan Kurniawan
G-17,Subgroup 10,1477,Nicolette Cruz
G-17,Subgroup 10,1464,Janet Wong
G-17,Subgroup 10,1465,Jia Ming
G-17,Subgroup 10,1486,Siti Amani
G-17,Subgroup 10,1470,Manish Joshi
G-18,Subgroup 1,1507,Chloe Chen
G-18,Subgroup 1,1546,Xiu Zhang
G-18,Subgroup 1,1522,Layla Harris
G-18,Subgroup 1,1540,Shuang
G-18,Subgroup 1,1505,Bilal Ahmed
G-18,Subgroup 2,1528,Megan Lim
G-18,Subgroup 2,1501,Amina Tariq
G-18,Subgroup 2,1543,Tessa Lee
G-18,Subgroup 2,1531,Mohan Rao
G-18,Subgroup 2,1515,Harlan Perdana
G-18,Subgroup 3,1534,Rita Sharma
G-18,Subgroup 3,1523,Lila Tan
G-18,Subgroup 3,1516,Isabella Lee
G-18,Subgroup 3,1533,Paxton Ross
G-18,Subgroup 3,1502,Arjun Rao
G-18,Subgroup 4,1537,Shahida Khan
G-18,Subgroup 4,1521,Kinsley Tsai
G-18,Subgroup 4,1538,Shan Binti
G-18,Subgroup 4,1510,Dylan Parker
G-18,Subgroup 4,1532,Pandu Setiawan
G-18,Subgroup 5,1542,Suhana Rao
G-18,Subgroup 5,1541,Sophia Thomas
G-18,Subgroup 5,1504,Ayushi Gupta
G-18,Subgroup 5,1545,Uday Singh
G-18,Subgroup 5,1514,Hao Liang Lim
G-18,Subgroup 6,1529,Min Li
G-18,Subgroup 6,1549,Zara Lim
G-18,Subgroup 6,1547,Yasmin Lee
G-18,Subgroup 6,1544,Tyler Garcia
G-18,Subgroup 6,1520,Kelly Tsang
G-18,Subgroup 7,1535,Samantha Tan
G-18,Subgroup 7,1548,Yuying Wang
G-18,Subgroup 7,1503,Athena Zhao
G-18,Subgroup 7,1519,Jonathan Sun
G-18,Subgroup 7,1525,Luca Wong
G-18,Subgroup 8,1513,Fang Mei
G-18,Subgroup 8,1536,Sana Reddy
G-18,Subgroup 8,1524,Liu Wei
G-18,Subgroup 8,1500,Adrian Lim
G-18,Subgroup 8,1526,Lucas Wright
G-18,Subgroup 9,1530,Mira Binti Yusof
G-18,Subgroup 9,1527,Maya Rani
G-18,Subgroup 9,1539,Shreya Das
G-18,Subgroup 9,1506,Brayden Hall
G-18,Subgroup 9,1509,Derek White
G-18,Subgroup 10,1511,Ella Villanueva
G-18,Subgroup 10,1508,Citra Amara
G-18,Subgroup 10,1512,Fang Ling
G-18,Subgroup 10,1517,Jackson Clark
G-18,Subgroup 10,1518,Jawad Khan
G-19,Subgroup 1,1567,Jaxon White
G-19,Subgroup 1,1591,Shanaya Tan
G-19,Subgroup 1,1571,Lucas Green
G-19,Subgroup 1,1584,Priti Mehta
G-19,Subgroup 1,1565,Gavin Zhao
G-19,Subgroup 2,1578,Nikhil Reddy
G-19,Subgroup 2,1592,Sneha Joshi
G-19,Subgroup 2,1575,Mi-Sook Kim
G-19,Subgroup 2,1553,An Nguyen
G-19,Subgroup 2,1556,Arvind Reddy
G-19,Subgroup 3,1599,Zhou Rui
G-19,Subgroup 3,1572,Mason Wilson
G-19,Subgroup 3,1596,Violeta Ong
G-19,Subgroup 3,1569,Kendrick Scott
G-19,Subgroup 3,1564,Gabriel Scott
G-19,Subgroup 4,1557,Ava Wilson
G-19,Subgroup 4,1581,Olivia Fernandez
G-19,Subgroup 4,1577,Nguyen Thi Lan
G-19,Subgroup 4,1595,Vanya Nair
G-19,Subgroup 4,1588,Rohan Shah
G-19,Subgroup 5,1562,Ella Mitchell
G-19,Subgroup 5,1582,Owais Khan
G-19,Subgroup 5,1590,Sasha Tan
G-19,Subgroup 5,1559,Chen Yu
G-19,Subgroup 5,1550,Aarav Reddy
G-19,Subgroup 6,1563,Emily White
G-19,Subgroup 6,1589,Samuel Lee
G-19,Subgroup 6,1594,Tristan Castillo
G-19,Subgroup 6,1574,Matthew Lee
G-19,Subgroup 6,1587,Rohan Gupta
G-19,Subgroup 7,1568,Jessica Martinez
G-19,Subgroup 7,1586,Qianwen
G-19,Subgroup 7,1561,Chunxiu
G-19,Subgroup 7,1579,Nina Desai
G-19,Subgroup 7,1576,Miyuki Watanabe
G-19,Subgroup 8,1593,Sushmita Roy
G-19,Subgroup 8,1573,Matthew Clark
G-19,Subgroup 8,1552,Amite Agarwal
G-19,Subgroup 8,1558,Chen Bo
G-19,Subgroup 8,1583,Ping Zhang
G-19,Subgroup 9,1560,Christopher Morris
G-19,Subgroup 9,1580,Nina Hu
G-19,Subgroup 9,1598,Zachary Li
G-19,Subgroup 9,1570,Lance Alvarado
G-19,Subgroup 9,1566,Imran Waseem
G-19,Subgroup 10,1551,Alyssa Ramirez
G-19,Subgroup 10,1597,Whitney Alvarado
G-19,Subgroup 10,1554,Ananya Kaul
G-19,Subgroup 10,1585,Qi Zhang
G-19,Subgroup 10,1555,Arunachalam Devi
G-2,Subgroup 1,1600,Aadhya Sharma
G-2,Subgroup 1,1623,Layla Collins
G-2,Subgroup 1,1648,Zain Qureshi
G-2,Subgroup 1,1639,Sophia Koh
G-2,Subgroup 1,1602,Ahmad Ramlie
G-2,Subgroup 2,1624,Lila Zhao
G-2,Subgroup 2,1642,Tina Tan
G-2,Subgroup 2,1604,Anya Chua
G-2,Subgroup 2,1641,Tanya Sharma
G-2,Subgroup 2,1603,Ali Abubakar
G-2,Subgroup 3,1605,Brianna Johnson
G-2,Subgroup 3,1613,Gisela Tan
G-2,Subgroup 3,1640,Stella Bryant
G-2,Subgroup 3,1620,Ki-Hoon Kim
G-2,Subgroup 3,1617,Izzat Bin Ibrahim
G-2,Subgroup 4,1638,Sofia Chandra
G-2,Subgroup 4,1633,Priya Gupta
G-2,Subgroup 4,1625,Lina Binti Ali
G-2,Subgroup 4,1647,Yuri Chekhov
G-2,Subgroup 4,1606,Carter Moore
G-2,Subgroup 5,1627,Mingjing
G-2,Subgroup 5,1621,Lana Turner
G-2,Subgroup 5,1626,Mei Zhao
G-2,Subgroup 5,1649,Zhengrong
G-2,Subgroup 5,1609,Derek Adams
G-2,Subgroup 6,1644,Xiu Li
G-2,Subgroup 6,1628,Mira Lin
G-2,Subgroup 6,1607,Chunhua
G-2,Subgroup 6,1616,Isaiah Turner
G-2,Subgroup 6,1634,Quinn Lee
G-2,Subgroup 7,1646,Yoshiko Mori
G-2,Subgroup 7,1614,Hanafi Bin Mohd
G-2,Subgroup 7,1637,Shirley Tan
G-2,Subgroup 7,1630,Nathaniel Adams
G-2,Subgroup 7,1615,Haroon Ali
G-2,Subgroup 8,1622,Lara Li
G-2,Subgroup 8,1611,Fatima Rani
G-2,Subgroup 8,1612,Fatima Yusof
G-2,Subgroup 8,1645,Yang Zhang
G-2,Subgroup 8,1610,Eli Walker
G-2,Subgroup 9,1629,Nadia Iqbal
G-2,Subgroup 9,1601,Addison Chen
G-2,Subgroup 9,1635,Selena Tan
G-2,Subgroup 9,1619,Jesse Bennett
G-2,Subgroup 9,1608,David Ho
G-2,Subgroup 10,1632,Patricia Wong
G-2,Subgroup 10,1636,Shalini Pillai
G-2,Subgroup 10,1631,Nguyen Thi Phuong
G-2,Subgroup 10,1643,Winston Villanueva
G-2,Subgroup 10,1618,Jasper Lim
G-20,Subgroup 1,1676,Mia Chang
G-20,Subgroup 1,1654,Cameron Hall
G-20,Subgroup 1,1662,Huang Feng
G-20,Subgroup 1,1672,Kartik Nair
G-20,Subgroup 1,1696,Yuki Tanaka
G-20,Subgroup 2,1677,Mia Wang
G-20,Subgroup 2,1692,Truong Minh Quang
G-20,Subgroup 2,1663,Huang Xin
G-20,Subgroup 2,1697,Yulianto Budi
G-20,Subgroup 2,1683,Oliver Gray
G-20,Subgroup 3,1681,Natasha Wong
G-20,Subgroup 3,1664,Huanyu
G-20,Subgroup 3,1651,Alice Liu
G-20,Subgroup 3,1665,Ishaan Mehta
G-20,Subgroup 3,1655,Emily Baker
G-20,Subgroup 4,1685,Priyanka Singh
G-20,Subgroup 4,1674,Luna Lin
G-20,Subgroup 4,1657,Gaurav Dutta
G-20,Subgroup 4,1690,Simon Li
G-20,Subgroup 4,1667,Jack Ng
G-20,Subgroup 5,1686,Quinn Rivera
G-20,Subgroup 5,1660,Harper Wright
G-20,Subgroup 5,1678,Milo Li
G-20,Subgroup 5,1658,Gina Agustina
G-20,Subgroup 5,1675,Matthew Wu
G-20,Subgroup 6,1688,Riya Chen
G-20,Subgroup 6,1680,Miyuki Kobayashi
G-20,Subgroup 6,1694,Yasir Shah
G-20,Subgroup 6,1671,Jingwen
G-20,Subgroup 6,1659,Greta Lin
G-20,Subgroup 7,1656,Emily Hill
G-20,Subgroup 7,1691,Tanvi Kapoor
G-20,Subgroup 7,1699,Zeeshan Khan
G-20,Subgroup 7,1684,Patrick Villanueva
G-20,Subgroup 7,1653,Bella Torres
G-20,Subgroup 8,1666,Ivy Chan
G-20,Subgroup 8,1693,Xiang Hong
G-20,Subgroup 8,1650,Abigail White
G-20,Subgroup 8,1669,Jasmine Hall
G-20,Subgroup 8,1673,Kazuko Watanabe
G-20,Subgroup 9,1668,Jaden Walker
G-20,Subgroup 9,1695,Yoshiko Taniguchi
G-20,Subgroup 9,1679,Mi-Ya Kim
G-20,Subgroup 9,1670,Jin Ping
G-20,Subgroup 9,1682,Nguyen Huu Phuc
G-20,Subgroup 10,1652,Ayush Desai
G-20,Subgroup 10,1661,Hiroshi Kobayashi
G-20,Subgroup 10,1698,Yuna Tanaka
G-20,Subgroup 10,1689,Sanjay Tan
G-20,Subgroup 10,1687,Raghav Sharma
G-21,Subgroup 1,1701,Ananya Jain
G-21,Subgroup 1,1719,Kai Li Tan
G-21,Subgroup 1,1749,Zoe Turner
G-21,Subgroup 1,1705,Boris Sergeyevich
G-21,Subgroup 1,1710,Dylan Walker
G-21,Subgroup 2,1709,Demi Zhao
G-21,Subgroup 2,1735,Rebecca Ong
G-21,Subgroup 2,1745,Zahra Nabila
G-21,Subgroup 2,1703,Beckett Liu
G-21,Subgroup 2,1704,Bodhi Li
G-21,Subgroup 3,1727,Neelam Agarwal
G-21,Subgroup 3,1732,Pooja Sinha
G-21,Subgroup 3,1721,Katherine Lee
G-21,Subgroup 3,1723,Leo Turner
G-21,Subgroup 3,1711,Gage Cooper
G-21,Subgroup 4,1728,Neha Patel
G-21,Subgroup 4,1720,Kali Chang
G-21,Subgroup 4,1746,Zara Tan
G-21,Subgroup 4,1738,Samuel Tan
G-21,Subgroup 4,1724,Liam Mitchell
G-21,Subgroup 5,1726,Moxie Lin
G-21,Subgroup 5,1733,Rania Hussain
G-21,Subgroup 5,1730,Pooja Aggarwal
G-21,Subgroup 5,1713,Hassan Nawaz
G-21,Subgroup 5,1747,Zhao Wei Lim
G-21,Subgroup 6,1741,Siti Aisyah Binti Ibrahim
G-21,Subgroup 6,1740,Sita Sharma
G-21,Subgroup 6,1743,Ursula Ng
G-21,Subgroup 6,1717,Jin Hua
G-21,Subgroup 6,1706,Calvin Bell
G-21,Subgroup 7,1702,Aria Rogers
G-21,Subgroup 7,1725,Mei Ling Ong
G-21,Subgroup 7,1714,Helena Lam
G-21,Subgroup 7,1718,Joseph Lee
G-21,Subgroup 7,1729,Noel Pineda
G-21,Subgroup 8,1739,Sharon Tan
G-21,Subgroup 8,1731,Pooja Joshi
G-21,Subgroup 8,1742,Sonya Khanna
G-21,Subgroup 8,1737,Sameer Khan
G-21,Subgroup 8,1734,Raymond Lim
G-21,Subgroup 9,1748,Zhaohui
G-21,Subgroup 9,1744,Yvonne Tan
G-21,Subgroup 9,1707,Chloe Collins
G-21,Subgroup 9,1708,Dante Li
G-21,Subgroup 9,1716,Jaxon Bennett
G-21,Subgroup 10,1715,Ivy Wong
G-21,Subgroup 10,1712,Hanh Nguyen
G-21,Subgroup 10,1700,Aarav Mehta
G-21,Subgroup 10,1722,Kevin Lee
G-21,Subgroup 10,1736,Rio Yang
G-22,Subgroup 1,1780,Nurul Izzati
G-22,Subgroup 1,1797,Zhang Lian
G-22,Subgroup 1,1771,Kenneth Tan
G-22,Subgroup 1,1759,Brielle Scarlett
G-22,Subgroup 1,1753,Alia Bin Zul
G-22,Subgroup 2,1783,Putri Ayu
G-22,Subgroup 2,1752,Aaron White
G-22,Subgroup 2,1751,Aarohi Kapoor
G-22,Subgroup 2,1791,Thuy Le
G-22,Subgroup 2,1779,Ningzhi
G-22,Subgroup 3,1788,Serena Chang
G-22,Subgroup 3,1798,Zhi Zhen
G-22,Subgroup 3,1754,Alia Binti Mohd
G-22,Subgroup 3,1769,Jonathan Ramirez
G-22,Subgroup 3,1773,Liam Young
G-22,Subgroup 4,1789,Shi Lian
G-22,Subgroup 4,1782,Paloma Chang
G-22,Subgroup 4,1763,Emily Nguyen
G-22,Subgroup 4,1793,Viola Lim
G-22,Subgroup 4,1785,Rina Devi
G-22,Subgroup 5,1774,Lucy Cooper
G-22,Subgroup 5,1761,Cassandra Tan
G-22,Subgroup 5,1790,Soniya Bhatia
G-22,Subgroup 5,1757,Ariana Cox
G-22,Subgroup 5,1799,Zoe Wang
G-22,Subgroup 6,1760,Carter White
G-22,Subgroup 6,1766,Harini Rao
G-22,Subgroup 6,1764,Eugene Lim
G-22,Subgroup 6,1784,Raghav Singh
G-22,Subgroup 6,1777,Natasha Ng
G-22,Subgroup 7,1762,Cristian Martinez
G-22,Subgroup 7,1770,Joni Chang
G-22,Subgroup 7,1756,Andrew Yang
G-22,Subgroup 7,1765,Hani Binti Ahmad
G-22,Subgroup 7,1750,Aamir Khan
G-22,Subgroup 8,1781,Omer Shah
G-22,Subgroup 8,1772,Kenshin Nakamura
G-22,Subgroup 8,1758,Asher Young
G-22,Subgroup 8,1776,Min-Seo Park
G-22,Subgroup 8,1778,Neelam Sharma
G-22,Subgroup 9,1795,Yao Liu
G-22,Subgroup 9,1786,Rohan Chaudhary
G-22,Subgroup 9,1767,Hugo Lee
G-22,Subgroup 9,1775,Mei Ling
G-22,Subgroup 9,1787,Samuel Davis
G-22,Subgroup 10,1796,Zain Bin Mohd
G-22,Subgroup 10,1792,Upton Reyes
G-22,Subgroup 10,1768,Jameelah Binti Ali
G-22,Subgroup 10,1755,Andrew Cheung
G-22,Subgroup 10,1794,Weimin
G-23,Subgroup 1,1802,Anya Chen
G-23,Subgroup 1,1806,Cleo Carter
G-23,Subgroup 1,1833,Rhea Mehta
G-23,Subgroup 1,1841,Xiao Ling
G-23,Subgroup 1,1822,Lucas Wang
G-23,Subgroup 2,1819,Kira Cruz
G-23,Subgroup 2,1808,Ella Liu
G-23,Subgroup 2,1849,Zheng Yu Lim
G-23,Subgroup 2,1823,Luna Phillips
G-23,Subgroup 2,1848,Zac Johnson
G-23,Subgroup 3,1845,Yu Zhang
G-23,Subgroup 3,1813,Jamilah Binti Rahman
G-23,Subgroup 3,1831,Oksana Sergeyevna
G-23,Subgroup 3,1828,Neha Reddy
G-23,Subgroup 3,1812,Hiroki Tanaka
G-23,Subgroup 4,1826,Nai Li
G-23,Subgroup 4,1829,Ningqi
G-23,Subgroup 4,1811,Gregory Wong
G-23,Subgroup 4,1844,Ying Li
G-23,Subgroup 4,1805,Carlito Morales
G-23,Subgroup 5,1816,Jia Chen
G-23,Subgroup 5,1834,Rida Javed
G-23,Subgroup 5,1807,Elaine Tan
G-23,Subgroup 5,1842,Yanzhi
G-23,Subgroup 5,1803,Benjamin Lee
G-23,Subgroup 6,1835,Sabrina Binti Ismail
G-23,Subgroup 6,1837,Tanya Bhatia
G-23,Subgroup 6,1814,Jasper Chen
G-23,Subgroup 6,1836,Siti Wong
G-23,Subgroup 6,1827,Nash Zhao
G-23,Subgroup 7,1847,Yuzhi
G-23,Subgroup 7,1809,Eric Lim
G-23,Subgroup 7,1821,Lihua
G-23,Subgroup 7,1810,Evelyn Adams
G-23,Subgroup 7,1830,Nishant Kapoor
G-23,Subgroup 8,1818,Joshua Li
G-23,Subgroup 8,1843,Yasmin Reddy
G-23,Subgroup 8,1801,Amina Binti Ali
G-23,Subgroup 8,1825,Mason Miller
G-23,Subgroup 8,1839,Vincent Lopez
G-23,Subgroup 9,1824,Manoj Menon
G-23,Subgroup 9,1820,Liam Carter
G-23,Subgroup 9,1804,Brielle Lin
G-23,Subgroup 9,1838,Victoria Sanchez
G-23,Subgroup 9,1840,Wyatt Reed
G-23,Subgroup 10,1846,Yuan Rui
G-23,Subgroup 10,1832,Owen Garcia
G-23,Subgroup 10,1817,Jin Wei
G-23,Subgroup 10,1815,Jaxon Jenkins
G-23,Subgroup 10,1800,Ahsan Shah
G-24,Subgroup 1,1894,Vikram Gupta
G-24,Subgroup 1,1870,Kieran Yip
G-24,Subgroup 1,1871,Kuan Tan
G-24,Subgroup 1,1893,Tiffany Chua
G-24,Subgroup 1,1850,Aaliyah Santos
G-24,Subgroup 2,1895,Wei Lin Tan
G-24,Subgroup 2,1899,Zhen Li
G-24,Subgroup 2,1873,Lucas Zhang
G-24,Subgroup 2,1875,Meera Nair
G-24,Subgroup 2,1853,Althea Reyes
G-24,Subgroup 3,1854,Ankit Joshi
G-24,Subgroup 3,1857,Daniel Johnson
G-24,Subgroup 3,1892,Tian Yu
G-24,Subgroup 3,1877,Mia Moore
G-24,Subgroup 3,1876,Melody Tan
G-24,Subgroup 4,1861,Eko Supriyanto
G-24,Subgroup 4,1869,Jovian Huang
G-24,Subgroup 4,1858,David Tan
G-24,Subgroup 4,1865,Isha Rani
G-24,Subgroup 4,1882,Nira Nair
G-24,Subgroup 5,1851,Aiden Chan
G-24,Subgroup 5,1896,Wen Jin Tan
G-24,Subgroup 5,1872,Kumar Nair
G-24,Subgroup 5,1890,Sylvia Liu
G-24,Subgroup 5,1886,Piper Rivera
G-24,Subgroup 6,1866,Jack Murphy
G-24,Subgroup 6,1889,Silas Yang
G-24,Subgroup 6,1860,Dustin Yang
G-24,Subgroup 6,1880,Naina Choudhury
G-24,Subgroup 6,1891,Tahira Ali
G-24,Subgroup 7,1883,Oliver Li
G-24,Subgroup 7,1881,Nathan Wu
G-24,Subgroup 7,1864,Irfan Khan
G-24,Subgroup 7,1867,Jasmine Reed
G-24,Subgroup 7,1852,Alisha Tan
G-24,Subgroup 8,1868,Johan Sari
G-24,Subgroup 8,1859,Dustin Chen
G-24,Subgroup 8,1898,Zhang Lian
G-24,Subgroup 8,1879,Monica Yeo
G-24,Subgroup 8,1878,Mia Thomas
G-24,Subgroup 9,1884,Owen Prabowo
G-24,Subgroup 9,1863,Guo Wei
G-24,Subgroup 9,1862,Ethan Jones
G-24,Subgroup 9,1874,Maya Scott
G-24,Subgroup 9,1897,Willow Chang
G-24,Subgroup 10,1856,Damon Carter
G-24,Subgroup 10,1885,Owen Yip
G-24,Subgroup 10,1888,Shila Binti Ali
G-24,Subgroup 10,1855,Claire Jenkins
G-24,Subgroup 10,1887,Qiming
G-25,Subgroup 1,1900,Adeline Ramirez
G-25,Subgroup 1,1922,Linda Tan
G-25,Subgroup 1,1926,Lydia White
G-25,Subgroup 1,1902,Akira Fujimoto
G-25,Subgroup 1,1935,Nishant Kumar
G-25,Subgroup 2,1907,Dahlia Morales
G-25,Subgroup 2,1944,Wei Ling
G-25,Subgroup 2,1928,Meera Prasad
G-25,Subgroup 2,1948,Zheng Yang
G-25,Subgroup 2,1946,Yannick Dela Cruz
G-25,Subgroup 3,1949,Zoe Johnson
G-25,Subgroup 3,1903,Ananya Reddy
G-25,Subgroup 3,1943,Shafika Binti Mohd
G-25,Subgroup 3,1940,Sanjay Nair
G-25,Subgroup 3,1910,Devon Tan
G-25,Subgroup 4,1925,Lydia Kim
G-25,Subgroup 4,1920,Katherine Tan
G-25,Subgroup 4,1906,Cathy Li
G-25,Subgroup 4,1913,Eric Anderson
G-25,Subgroup 4,1908,Daniel Wu
G-25,Subgroup 5,1927,Maya Reddy
G-25,Subgroup 5,1936,Nora Wang
G-25,Subgroup 5,1921,Kira Tan
G-25,Subgroup 5,1918,Jason Lim
G-25,Subgroup 5,1912,Eddie Kwan
G-25,Subgroup 6,1941,Sanya Ali
G-25,Subgroup 6,1939,Sahara Chen
G-25,Subgroup 6,1933,Natsuki Sato
G-25,Subgroup 6,1929,Min Jie Lim
G-25,Subgroup 6,1919,Kareem Shah
G-25,Subgroup 7,1924,Luna Liu
G-25,Subgroup 7,1947,Yue Ling
G-25,Subgroup 7,1931,Nancy Liu
G-25,Subgroup 7,1909,Dante Zhang
G-25,Subgroup 7,1945,William Yip
G-25,Subgroup 8,1934,Nicole Lee
G-25,Subgroup 8,1914,Fiona Wong
G-25,Subgroup 8,1932,Natalie Ramirez
G-25,Subgroup 8,1917,Jackson Adams
G-25,Subgroup 8,1938,Ronald Tan
G-25,Subgroup 9,1901,Aisyah Mohd
G-25,Subgroup 9,1923,Liyana Binti Mohd
G-25,Subgroup 9,1937,Pooja Iyer
G-25,Subgroup 9,1942,Shafeeq Bin Ahmad
G-25,Subgroup 9,1905,Carl Li
G-25,Subgroup 10,1915,Giovanna Chen
G-25,Subgroup 10,1911,Disha Sharma
G-25,Subgroup 10,1930,Mira Singh
G-25,Subgroup 10,1904,Caleb Murphy
G-25,Subgroup 10,1916,Isaac Chen
G-26,Subgroup 1,1956,Diya Singh
G-26,Subgroup 1,1999,Zoe Sanchez
G-26,Subgroup 1,1975,Kelsey Lim
G-26,Subgroup 1,1995,Vera Tan
G-26,Subgroup 1,1997,Yifan
G-26,Subgroup 2,1983,Naomi Chen
G-26,Subgroup 2,1961,Fatin Binti Ahmad
G-26,Subgroup 2,1978,Layla Evans
G-26,Subgroup 2,1955,Desmond Tan
G-26,Subgroup 2,1998,Yuri Li
G-26,Subgroup 3,1993,Sophie Chua
G-26,Subgroup 3,1966,Hira Bukhari
G-26,Subgroup 3,1964,Hafsa Khan
G-26,Subgroup 3,1958,Eric Long
G-26,Subgroup 3,1971,James Zhao
G-26,Subgroup 4,1951,Anita Khanna
G-26,Subgroup 4,1972,Jasmine Yeo
G-26,Subgroup 4,1974,Kazuko Nishida
G-26,Subgroup 4,1985,Owen Lee
G-26,Subgroup 4,1950,Alia Bin Abd
G-26,Subgroup 5,1952,Aria Cook
G-26,Subgroup 5,1976,Kendra Alvarado
G-26,Subgroup 5,1990,Ruby Lee
G-26,Subgroup 5,1967,Hugo Wang
G-26,Subgroup 5,1982,Mohit Desai
G-26,Subgroup 6,1953,Daphne Lim
G-26,Subgroup 6,1959,Eshan
G-26,Subgroup 6,1969,Ivy Tan
G-26,Subgroup 6,1986,Puneet Kumar
G-26,Subgroup 6,1988,Rishabh Sharma
G-26,Subgroup 7,1960,Fariha Binti Mohd
G-26,Subgroup 7,1984,Nora Diaz
G-26,Subgroup 7,1977,Kira Yang
G-26,Subgroup 7,1981,Milo Zhao
G-26,Subgroup 7,1991,Ryan Bennett
G-26,Subgroup 8,1965,Hana Chan
G-26,Subgroup 8,1980,Miki Aizawa
G-26,Subgroup 8,1994,Vera Kuznetsova
G-26,Subgroup 8,1962,Felix Liu
G-26,Subgroup 8,1996,Victor Black
G-26,Subgroup 9,1979,Maria Lam
G-26,Subgroup 9,1989,Riya Gupta
G-26,Subgroup 9,1957,Elena Leonova
G-26,Subgroup 9,1968,Ibrahim Zain
G-26,Subgroup 9,1987,Quentin Chiu
G-26,Subgroup 10,1992,Siti Nurbaya
G-26,Subgroup 10,1954,Deepa Menon
G-26,Subgroup 10,1973,Jianjun
G-26,Subgroup 10,1970,Jacob Wang
G-26,Subgroup 10,1963,Ferdinand Villanueva
G-27,Subgroup 1,2001,Aarti Desai
G-27,Subgroup 1,2026,Mila Collins
G-27,Subgroup 1,2006,Aria Wilson
G-27,Subgroup 1,2007,Arnav Kumar
G-27,Subgroup 1,2031,Nicolas Zhao
G-27,Subgroup 2,2028,Mira Ng
G-27,Subgroup 2,2035,Rekha Menon
G-27,Subgroup 2,2025,Mei Xing
G-27,Subgroup 2,2008,Brody Hughes
G-27,Subgroup 2,2034,Oscar Lee
G-27,Subgroup 3,2033,Olivia Johnson
G-27,Subgroup 3,2038,Sadia Awan
G-27,Subgroup 3,2009,Cynthia Sun
G-27,Subgroup 3,2021,Khalil Khan
G-27,Subgroup 3,2003,Alexander Hill
G-27,Subgroup 4,2036,Rhea Sharma
G-27,Subgroup 4,2048,Zaira Binti Karim
G-27,Subgroup 4,2045,Tania Chan
G-27,Subgroup 4,2047,Vinay Bhatia
G-27,Subgroup 4,2000,Aarav Yadav
G-27,Subgroup 5,2037,Riley Tsai
G-27,Subgroup 5,2042,Sonia Bukhari
G-27,Subgroup 5,2032,Nora Wu
G-27,Subgroup 5,2014,Fei Hong Lim
G-27,Subgroup 5,2019,Jonathan Wong
G-27,Subgroup 6,2039,Sana Iqbal
G-27,Subgroup 6,2015,Hannah Wang
G-27,Subgroup 6,2027,Minjie
G-27,Subgroup 6,2022,Kunal Patel
G-27,Subgroup 6,2011,Dominic Scott
G-27,Subgroup 7,2002,Akira Yoshida
G-27,Subgroup 7,2016,Hui Chen
G-27,Subgroup 7,2012,Ella Safira
G-27,Subgroup 7,2024,Lucas Ramirez
G-27,Subgroup 7,2046,Vikas Sharma
G-27,Subgroup 8,2043,Suri Chang
G-27,Subgroup 8,2023,Liana Goh
G-27,Subgroup 8,2030,Nadia Ali
G-27,Subgroup 8,2029,Mohammed Sadiq
G-27,Subgroup 8,2010,Daniel Baker
G-27,Subgroup 9,2049,Zara Bennett
G-27,Subgroup 9,2044,Talia Wang
G-27,Subgroup 9,2005,Anjali Tan
G-27,Subgroup 9,2041,Shinji Saito
G-27,Subgroup 9,2018,Jett Wu
G-27,Subgroup 10,2017,Isabella Morris
G-27,Subgroup 10,2004,Alexis Lee
G-27,Subgroup 10,2013,Ella Young
G-27,Subgroup 10,2040,Santiago Garcia
G-27,Subgroup 10,2020,Karan Joshi
G-28,Subgroup 1,2053,Alia Khan
G-28,Subgroup 1,2097,Xiangrong
G-28,Subgroup 1,2099,Zoe Ali
G-28,Subgroup 1,2081,Oliver Wong
G-28,Subgroup 1,2050,Aaron Huskel
G-28,Subgroup 2,2055,Asha Binti
G-28,Subgroup 2,2065,Kenshin Watanabe
G-28,Subgroup 2,2069,Lina Abdullah
G-28,Subgroup 2,2082,Peter Harris
G-28,Subgroup 2,2060,Eddie Cheung
G-28,Subgroup 3,2092,Sophie Chen
G-28,Subgroup 3,2085,Raymond Ho
G-28,Subgroup 3,2087,Rong Liu
G-28,Subgroup 3,2067,Lian Tan
G-28,Subgroup 3,2098,Zach Lim
G-28,Subgroup 4,2093,Stella Chang
G-28,Subgroup 4,2058,Camille Chen
G-28,Subgroup 4,2057,Bilal Zafar
G-28,Subgroup 4,2068,Lily Cook
G-28,Subgroup 4,2059,Chloe Wilson
G-28,Subgroup 5,2062,Emma Hall
G-28,Subgroup 5,2063,Ivy Pineda
G-28,Subgroup 5,2072,Mason Reyes
G-28,Subgroup 5,2076,Nazia Rehman
G-28,Subgroup 5,2084,Rashidah Binti Ibrahim
G-28,Subgroup 6,2078,Nina Chang
G-28,Subgroup 6,2070,Madison Reed
G-28,Subgroup 6,2088,Rylan King
G-28,Subgroup 6,2091,Sergio Moreno
G-28,Subgroup 6,2096,Xander Lawson
G-28,Subgroup 7,2083,Priya Patel
G-28,Subgroup 7,2075,Misha Devi
G-28,Subgroup 7,2051,Aditi Sharma
G-28,Subgroup 7,2077,Neela Nair
G-28,Subgroup 7,2052,Alana Tan
G-28,Subgroup 8,2089,Savannah Cooper
G-28,Subgroup 8,2079,Nirmala Iyer
G-28,Subgroup 8,2080,Nur Fatimah
G-28,Subgroup 8,2086,Ria Patel
G-28,Subgroup 8,2071,Mark Johnson
G-28,Subgroup 9,2054,Arif Hussain
G-28,Subgroup 9,2056,Aubrey Morgan
G-28,Subgroup 9,2064,Julian Li
G-28,Subgroup 9,2095,Victor Andreyev
G-28,Subgroup 9,2066,Liam Lewis
G-28,Subgroup 10,2073,Max Chen
G-28,Subgroup 10,2061,Elijah Carter
G-28,Subgroup 10,2074,Ming Feng Tan
G-28,Subgroup 10,2094,Steve Lau
G-28,Subgroup 10,2090,Sebastian Wright
G-29,Subgroup 1,2103,Aria Lim
G-29,Subgroup 1,2101,Alyssa Carter
G-29,Subgroup 1,2104,Avery Wilson
G-29,Subgroup 1,2147,Xiao Jun
G-29,Subgroup 1,2119,Joshua Murphy
G-29,Subgroup 2,2117,Jason Lim
G-29,Subgroup 2,2114,Huanqing
G-29,Subgroup 2,2136,Riya Tan
G-29,Subgroup 2,2122,Kimberly Lim
G-29,Subgroup 2,2105,Brayden Adams
G-29,Subgroup 3,2140,Shanwei
G-29,Subgroup 3,2125,Madison Gray
G-29,Subgroup 3,2108,Ethan Young
G-29,Subgroup 3,2142,Skylar Tan
G-29,Subgroup 3,2110,Evelyn Green
G-29,Subgroup 4,2144,Tianming
G-29,Subgroup 4,2113,Hao Xun
G-29,Subgroup 4,2134,Raymond Smith
G-29,Subgroup 4,2123,Kiran Tiwari
G-29,Subgroup 4,2126,Maya Li
G-29,Subgroup 5,2145,Tobias Tan
G-29,Subgroup 5,2133,Rahul Reddy
G-29,Subgroup 5,2109,Eva Wang
G-29,Subgroup 5,2135,Ritika Bansal
G-29,Subgroup 5,2139,Shahid Raza
G-29,Subgroup 6,2100,Alisha Iyer
G-29,Subgroup 6,2137,Rongwei
G-29,Subgroup 6,2116,Janelle Tan
G-29,Subgroup 6,2149,Zachary Price
G-29,Subgroup 6,2111,Faris Bin Mohd
G-29,Subgroup 7,2102,Ananya Sharma
G-29,Subgroup 7,2115,Jamal Karim
G-29,Subgroup 7,2128,Nadia Cahyani
G-29,Subgroup 7,2121,Kelly Ng
G-29,Subgroup 7,2118,Jasper Zhang
G-29,Subgroup 8,2106,Christina Tan
G-29,Subgroup 8,2120,Kai Ren Ng
G-29,Subgroup 8,2130,Nurul Hani
G-29,Subgroup 8,2127,Nadeem Ali
G-29,Subgroup 8,2138,Sadia Khan
G-29,Subgroup 9,2132,Poppy Smith
G-29,Subgroup 9,2112,Gemma Jenkins
G-29,Subgroup 9,2148,Yong Jie
G-29,Subgroup 9,2143,Surya Kumar
G-29,Subgroup 9,2131,Panshi
G-29,Subgroup 10,2146,Xander Lee
G-29,Subgroup 10,2141,Silas Tan
G-29,Subgroup 10,2129,Nisha Singh
G-29,Subgroup 10,2107,Elias Carter
G-29,Subgroup 10,2124,Lucy Barnes
G-3,Subgroup 1,2158,Evelyn Wong
G-3,Subgroup 1,2185,Nida Waseem
G-3,Subgroup 1,2182,Nashit Bhatia
G-3,Subgroup 1,2173,Kobe Alexander
G-3,Subgroup 1,2161,Gita Saputra
G-3,Subgroup 2,2168,Jing Xuan
G-3,Subgroup 2,2159,Felix Tsang
G-3,Subgroup 2,2177,Maya Patel
G-3,Subgroup 2,2171,Keng Tan
G-3,Subgroup 2,2160,Gabriel Wood
G-3,Subgroup 3,2189,Rachel Ong
G-3,Subgroup 3,2164,Hina Bhatia
G-3,Subgroup 3,2192,Riya Shah
G-3,Subgroup 3,2176,Mansoor Aslam
G-3,Subgroup 3,2167,Jianli
G-3,Subgroup 4,2191,Riya Desai
G-3,Subgroup 4,2153,Benjamin Hernandez
G-3,Subgroup 4,2157,Ethan Lee
G-3,Subgroup 4,2151,Asher Brown
G-3,Subgroup 4,2193,Tomi Budi
G-3,Subgroup 5,2172,Khairul Anuar Bin Mohd
G-3,Subgroup 5,2155,Christian Ward
G-3,Subgroup 5,2175,Lily Zhou
G-3,Subgroup 5,2195,Xuan Zhang
G-3,Subgroup 5,2186,Olivia Goh
G-3,Subgroup 6,2150,Aditi Bhatia
G-3,Subgroup 6,2154,Cecilia Chen
G-3,Subgroup 6,2165,Hunter Green
G-3,Subgroup 6,2166,Jasmine Sari
G-3,Subgroup 6,2196,Zeeshan Bukhari
G-3,Subgroup 7,2163,Harvey Tan
G-3,Subgroup 7,2162,Harvey Smith
G-3,Subgroup 7,2184,Nguyen Van Tam
G-3,Subgroup 7,2198,Zhen Yu
G-3,Subgroup 7,2194,Wei Fang
G-3,Subgroup 8,2188,Qing Zhao
G-3,Subgroup 8,2170,Keith Tan
G-3,Subgroup 8,2178,Maya Zhang
G-3,Subgroup 8,2181,Naina Kapoor
G-3,Subgroup 8,2187,Qing Li
G-3,Subgroup 9,2169,Keira Lee
G-3,Subgroup 9,2174,Leo Li
G-3,Subgroup 9,2180,Nadia Noor
G-3,Subgroup 9,2152,Autumn Diaz
G-3,Subgroup 9,2156,Ella Cheung
G-3,Subgroup 10,2183,Neha Sharma
G-3,Subgroup 10,2179,Milo Tan
G-3,Subgroup 10,2190,Rita Rani
G-3,Subgroup 10,2197,Zeeshan Iqbal
G-3,Subgroup 10,2199,Zuri Lin
G-30,Subgroup 1,2201,Ananya Nair
G-30,Subgroup 1,2200,Aadhya Reddy
G-30,Subgroup 1,2220,Jasmine Ng
G-30,Subgroup 1,2217,Huma Qureshi
G-30,Subgroup 1,2215,Harriet Rivera
G-30,Subgroup 2,2229,Maisie Lee
G-30,Subgroup 2,2208,Biaochun
G-30,Subgroup 2,2240,Roxanne Chan
G-30,Subgroup 2,2238,Rhea Reddy
G-30,Subgroup 2,2235,Nurul Farah
G-30,Subgroup 3,2243,Siti Zulaikha Binti Rahim
G-30,Subgroup 3,2228,Lian Xu
G-30,Subgroup 3,2241,Sania Malik
G-30,Subgroup 3,2248,Xena Wong
G-30,Subgroup 3,2230,Mason Smith
G-30,Subgroup 4,2219,James Bailey
G-30,Subgroup 4,2202,Anthony Hughes
G-30,Subgroup 4,2204,Areeba Bukhari
G-30,Subgroup 4,2237,Patricia White
G-30,Subgroup 4,2213,Gavin Walker
G-30,Subgroup 5,2224,Keshav Yadav
G-30,Subgroup 5,2221,Jing Wei
G-30,Subgroup 5,2247,Vivian Tan
G-30,Subgroup 5,2209,Brandon Lee
G-30,Subgroup 5,2223,Kelly Lee
G-30,Subgroup 6,2236,Owais Bukhari
G-30,Subgroup 6,2226,Kieran Wu
G-30,Subgroup 6,2246,Trevor Lim
G-30,Subgroup 6,2227,Kunal Tan
G-30,Subgroup 6,2207,Ayesha Binti Rahman
G-30,Subgroup 7,2249,Xiao Chen
G-30,Subgroup 7,2232,Michael Brown
G-30,Subgroup 7,2234,Nida Malik
G-30,Subgroup 7,2231,Mason Wong
G-30,Subgroup 7,2233,Mi-kyung Han
G-30,Subgroup 8,2203,Anushka Mehra
G-30,Subgroup 8,2205,Atsuko Taniguchi
G-30,Subgroup 8,2211,Dylan Nguyen
G-30,Subgroup 8,2206,Ava King
G-30,Subgroup 8,2216,Huma Malik
G-30,Subgroup 9,2222,Kai Li
G-30,Subgroup 9,2244,Sofia Ramirez
G-30,Subgroup 9,2214,Han Song Lim
G-30,Subgroup 9,2239,Riley Johnson
G-30,Subgroup 9,2210,Colton Huang
G-30,Subgroup 10,2225,Kieran Lewis
G-30,Subgroup 10,2212,Elijah Wong
G-30,Subgroup 10,2245,Thomas Collins
G-30,Subgroup 10,2242,Seng Hua Lim
G-30,Subgroup 10,2218,Jack Martin
G-31,Subgroup 1,2250,Aarohi Verma
G-31,Subgroup 1,2295,Toni Agustian
G-31,Subgroup 1,2285,Olive Wang
G-31,Subgroup 1,2291,Sophie Chiu
G-31,Subgroup 1,2278,Liam Rivera
G-31,Subgroup 2,2286,Peyton Bell
G-31,Subgroup 2,2283,Mika Sato
G-31,Subgroup 2,2267,Hana Binti Mohd
G-31,Subgroup 2,2271,Isaac Liu
G-31,Subgroup 2,2277,Landon Parker
G-31,Subgroup 3,2289,Samara Khan
G-31,Subgroup 3,2284,Moe Yamashita
G-31,Subgroup 3,2262,Elijah Lewis
G-31,Subgroup 3,2279,Lina Binti Zain
G-31,Subgroup 3,2288,Ryder Li
G-31,Subgroup 4,2290,Siti Sarah
G-31,Subgroup 4,2251,Anjali Rao
G-31,Subgroup 4,2297,Vikas Yadav
G-31,Subgroup 4,2281,Maya Rajan
G-31,Subgroup 4,2280,Logan Wong
G-31,Subgroup 5,2257,Chloe Torres
G-31,Subgroup 5,2296,Vania Alonzo
G-31,Subgroup 5,2269,Henry Tsang
G-31,Subgroup 5,2276,Kenta Yamada
G-31,Subgroup 5,2287,Ryan Baker
G-31,Subgroup 6,2258,Claire Tan
G-31,Subgroup 6,2260,Deepak Nair
G-31,Subgroup 6,2299,Zain Bin Ali
G-31,Subgroup 6,2294,Toby Lim
G-31,Subgroup 6,2293,Suhana Bhat
G-31,Subgroup 7,2261,Dustin Young
G-31,Subgroup 7,2264,Gabriel Edwards
G-31,Subgroup 7,2253,Bina Patel
G-31,Subgroup 7,2282,Megan Sari
G-31,Subgroup 7,2298,Vivian Cooper
G-31,Subgroup 8,2268,Harish Kumar
G-31,Subgroup 8,2292,Sora Inoue
G-31,Subgroup 8,2272,Jasmine Chen
G-31,Subgroup 8,2263,Ella Gonzalez
G-31,Subgroup 8,2273,Jessica Lim
G-31,Subgroup 9,2259,Damon Wu
G-31,Subgroup 9,2252,Arjun Singh
G-31,Subgroup 9,2275,Kavya Singh
G-31,Subgroup 9,2254,Bodhi Chen
G-31,Subgroup 9,2265,Gideon Hayes
G-31,Subgroup 10,2274,Kamran Ahmed
G-31,Subgroup 10,2256,Cathy Tan
G-31,Subgroup 10,2266,Hailey Lin
G-31,Subgroup 10,2270,Imran Ashraf
G-31,Subgroup 10,2255,Boris Mikhailov
G-32,Subgroup 1,2326,Naina Noor
G-32,Subgroup 1,2329,Nora Hall
G-32,Subgroup 1,2304,Amira Rahman
G-32,Subgroup 1,2349,Yuki Mori
G-32,Subgroup 1,2331,Omer Javed
G-32,Subgroup 2,2340,Sophie Allen
G-32,Subgroup 2,2335,Sabrina Wong
G-32,Subgroup 2,2347,Yasmin Cruz
G-32,Subgroup 2,2307,Caleb Nelson
G-32,Subgroup 2,2346,Yani Tan
G-32,Subgroup 3,2348,Ying Xiu
G-32,Subgroup 3,2312,Derek Wilson
G-32,Subgroup 3,2322,Leonardo Wu
G-32,Subgroup 3,2321,Kien Vo
G-32,Subgroup 3,2338,Sergey Fedorov
G-32,Subgroup 4,2301,Aditi Suresh
G-32,Subgroup 4,2309,Colton Ross
G-32,Subgroup 4,2334,Rylan Cooper
G-32,Subgroup 4,2342,Xiaofang
G-32,Subgroup 4,2337,Selene Tsai
G-32,Subgroup 5,2319,Isla Ross
G-32,Subgroup 5,2314,Fatima Binti Rahim
G-32,Subgroup 5,2330,Oliver Reed
G-32,Subgroup 5,2306,Anya Iyer
G-32,Subgroup 5,2320,Kanghao
G-32,Subgroup 6,2344,Xue Chen
G-32,Subgroup 6,2305,Anthony Stewart
G-32,Subgroup 6,2332,Rida Bukhari
G-32,Subgroup 6,2328,Nisa Tan
G-32,Subgroup 6,2341,Uli Agustin
G-32,Subgroup 7,2333,Ryan Turner
G-32,Subgroup 7,2313,Dingqi
G-32,Subgroup 7,2317,Hua Lin
G-32,Subgroup 7,2343,Xingyu
G-32,Subgroup 7,2324,Mason Carter
G-32,Subgroup 8,2345,Yang Chen
G-32,Subgroup 8,2339,Shubham Prakash
G-32,Subgroup 8,2323,Lorelei Chen
G-32,Subgroup 8,2327,Nicholas Tan
G-32,Subgroup 8,2318,Igor Petrov
G-32,Subgroup 9,2300,Addison Ward
G-32,Subgroup 9,2303,Alvin Khor
G-32,Subgroup 9,2336,Sara Lim
G-32,Subgroup 9,2325,Mina Lim
G-32,Subgroup 9,2302,Aisya Binti Azhar
G-32,Subgroup 10,2310,Cynthia Chan
G-32,Subgroup 10,2315,Hao Chen
G-32,Subgroup 10,2316,Hector Mendoza
G-32,Subgroup 10,2311,Derek Chen
G-32,Subgroup 10,2308,Cheng Yuan
G-33,Subgroup 1,2377,Luna Zhao
G-33,Subgroup 1,2392,Rhea Verma
G-33,Subgroup 1,2391,Rebecca Chen
G-33,Subgroup 1,2371,Liang Wei
G-33,Subgroup 1,2355,Chase Sanders
G-33,Subgroup 2,2383,Mila Perez
G-33,Subgroup 2,2388,Nur Fatima
G-33,Subgroup 2,2365,Hao Chen
G-33,Subgroup 2,2384,Milo Wong
G-33,Subgroup 2,2395,Wira Bin Fadli
G-33,Subgroup 3,2387,Neela Kaur
G-33,Subgroup 3,2351,Afreen Bukhari
G-33,Subgroup 3,2397,Yu Chen
G-33,Subgroup 3,2357,Dylan Richardson
G-33,Subgroup 3,2367,Jacky Lau
G-33,Subgroup 4,2356,Cora Foster
G-33,Subgroup 4,2361,Fengxiu
G-33,Subgroup 4,2363,Hana Yamada
G-33,Subgroup 4,2386,Nandan Yadav
G-33,Subgroup 4,2350,Aashir Khan
G-33,Subgroup 5,2364,Hannah Lim
G-33,Subgroup 5,2374,Lin Yi
G-33,Subgroup 5,2396,Xinyi Lim
G-33,Subgroup 5,2379,Maverick Brown
G-33,Subgroup 5,2366,Isaac Robinson
G-33,Subgroup 6,2380,Maya Sarin
G-33,Subgroup 6,2375,Lola Lee
G-33,Subgroup 6,2376,Lucy Rogers
G-33,Subgroup 6,2352,Amir Bin Jamal
G-33,Subgroup 6,2390,Raymond Tan
G-33,Subgroup 7,2354,Bunga Melati
G-33,Subgroup 7,2382,Maya Teo
G-33,Subgroup 7,2394,Sophie Ong
G-33,Subgroup 7,2368,Jin Hui
G-33,Subgroup 7,2378,Lyndon Torres
G-33,Subgroup 8,2399,Zoe Murphy
G-33,Subgroup 8,2381,Maya Shankar
G-33,Subgroup 8,2360,Fatima Reddy
G-33,Subgroup 8,2370,Liam Collins
G-33,Subgroup 8,2362,Graham Yang
G-33,Subgroup 9,2359,Eleanor Scott
G-33,Subgroup 9,2398,Yuan Li
G-33,Subgroup 9,2393,Sophie Lee
G-33,Subgroup 9,2372,Liang Zhao
G-33,Subgroup 9,2373,Liang Zhao
G-33,Subgroup 10,2385,Mina Qiu
G-33,Subgroup 10,2389,Priti Singh
G-33,Subgroup 10,2369,Jonas Li
G-33,Subgroup 10,2358,Edward Li
G-33,Subgroup 10,2353,Ayden Cooper
G-34,Subgroup 1,2427,Mei Lin
G-34,Subgroup 1,2406,Bruno Alonzo
G-34,Subgroup 1,2412,Ethan Clark
G-34,Subgroup 1,2425,Lily Li
G-34,Subgroup 1,2436,Ruba Khan
G-34,Subgroup 2,2409,Dewi Anjani
G-34,Subgroup 2,2449,Zhen Yang
G-34,Subgroup 2,2422,Li Qiang
G-34,Subgroup 2,2424,Liam Zhao
G-34,Subgroup 2,2430,Nash Clark
G-34,Subgroup 3,2423,Li Wei
G-34,Subgroup 3,2444,Vanessa Lee
G-34,Subgroup 3,2404,Arnav Mehta
G-34,Subgroup 3,2417,Hao Ren
G-34,Subgroup 3,2408,Dahlia Zhao
G-34,Subgroup 4,2403,Arjun Sharma
G-34,Subgroup 4,2426,Matthew Morgan
G-34,Subgroup 4,2414,Frankie Yip
G-34,Subgroup 4,2428,Nadia Sari
G-34,Subgroup 4,2405,Asher Bell
G-34,Subgroup 5,2434,Rizwan Ahmad
G-34,Subgroup 5,2440,Takashi Tanaka
G-34,Subgroup 5,2431,Nathan Lee
G-34,Subgroup 5,2443,Tina Li
G-34,Subgroup 5,2411,Emily Liang
G-34,Subgroup 6,2420,Jin Wei Tan
G-34,Subgroup 6,2401,Aihua Li
G-34,Subgroup 6,2432,Nitesh Singh
G-34,Subgroup 6,2442,Tama Prabowo
G-34,Subgroup 6,2447,Xiao Liu
G-34,Subgroup 7,2407,Cynthia Handayani
G-34,Subgroup 7,2433,Owen Cox
G-34,Subgroup 7,2410,Ellie Stewart
G-34,Subgroup 7,2421,Kaira Tan
G-34,Subgroup 7,2415,Gina Tam
G-34,Subgroup 8,2435,Rizwan Bin Mohd
G-34,Subgroup 8,2416,Hafizah Binti Mohd
G-34,Subgroup 8,2418,Ivy Yu
G-34,Subgroup 8,2441,Talia Wong
G-34,Subgroup 8,2429,Nanami Nakamura
G-34,Subgroup 9,2402,Angela Lee
G-34,Subgroup 9,2419,Jessica Liu
G-34,Subgroup 9,2438,Samuel Wang
G-34,Subgroup 9,2448,Zai Binti Mohd
G-34,Subgroup 9,2446,Xiang Li
G-34,Subgroup 10,2437,Sakshi Bhatia
G-34,Subgroup 10,2400,Aditi Reddy
G-34,Subgroup 10,2439,Siddharth Patel
G-34,Subgroup 10,2413,Fiona Garcia
G-34,Subgroup 10,2445,Victoria Ross
G-35,Subgroup 1,2453,Anika Patel
G-35,Subgroup 1,2459,Evelyn Wang
G-35,Subgroup 1,2471,Lily Wong
G-35,Subgroup 1,2466,Jianjun
G-35,Subgroup 1,2454,Bodhi Yang
G-35,Subgroup 2,2477,Mira Wong
G-35,Subgroup 2,2488,Stella Lim
G-35,Subgroup 2,2481,Riya Joshi
G-35,Subgroup 2,2470,Leo Tan
G-35,Subgroup 2,2473,Luca Yang
G-35,Subgroup 3,2474,Mei Ling
G-35,Subgroup 3,2484,Samantha Nguyen
G-35,Subgroup 3,2467,Katherine Diaz
G-35,Subgroup 3,2494,Zain Karim
G-35,Subgroup 3,2489,Talha Ali
G-35,Subgroup 4,2492,Tran Thi Phuong
G-35,Subgroup 4,2483,Saba Qureshi
G-35,Subgroup 4,2487,Shiming
G-35,Subgroup 4,2462,Huang Lei
G-35,Subgroup 4,2498,Zhi Qi Tan
G-35,Subgroup 5,2450,Alina Tan
G-35,Subgroup 5,2460,Fangzhou
G-35,Subgroup 5,2463,Ika Binti Jamal
G-35,Subgroup 5,2490,Taro Yamamoto
G-35,Subgroup 5,2456,Chao Xu
G-35,Subgroup 6,2451,Alyssa Ong
G-35,Subgroup 6,2475,Miki Suzuki
G-35,Subgroup 6,2469,Laurel Wu
G-35,Subgroup 6,2491,Thomas Lee
G-35,Subgroup 6,2482,Rohan Bhatt
G-35,Subgroup 7,2486,Shalini Gupta
G-35,Subgroup 7,2461,Gemma Lee
G-35,Subgroup 7,2472,Ling Xu
G-35,Subgroup 7,2468,Kieran Tan
G-35,Subgroup 7,2493,Yuan Feng
G-35,Subgroup 8,2495,Zara Abbas
G-35,Subgroup 8,2458,Elsa Binti Sulaiman
G-35,Subgroup 8,2485,Sana Iyer
G-35,Subgroup 8,2479,Noah Wong
G-35,Subgroup 8,2464,Isaac Robinson
G-35,Subgroup 9,2480,Peishan
G-35,Subgroup 9,2476,Minnie Zhang
G-35,Subgroup 9,2465,Isla Lin
G-35,Subgroup 9,2497,Zhang Qiang
G-35,Subgroup 9,2496,Zeke Murphy
G-35,Subgroup 10,2452,Amira Khan
G-35,Subgroup 10,2499,Zhonghua
G-35,Subgroup 10,2478,Nicole Li
G-35,Subgroup 10,2455,Carter Bell
G-35,Subgroup 10,2457,Eko Supriyanto
G-36,Subgroup 1,2534,Nguyen Van Thanh
G-36,Subgroup 1,2525,Kevin Ross
G-36,Subgroup 1,2535,Oliver Cheng
G-36,Subgroup 1,2518,Emily Lee
G-36,Subgroup 1,2502,Aisha Noor
G-36,Subgroup 2,2538,Owen Mitchell
G-36,Subgroup 2,2546,Tama Prabowo
G-36,Subgroup 2,2513,Chris Evans
G-36,Subgroup 2,2520,Hannah Moore
G-36,Subgroup 2,2526,Layla Hughes
G-36,Subgroup 3,2507,Arvind Nair
G-36,Subgroup 3,2501,Adil Patel
G-36,Subgroup 3,2515,Dylan Nguyen
G-36,Subgroup 3,2547,Vikash Wang
G-36,Subgroup 3,2506,Anna Yang
G-36,Subgroup 4,2523,Jae-Suk Jung
G-36,Subgroup 4,2531,Logan Kim
G-36,Subgroup 4,2528,Liam Davis
G-36,Subgroup 4,2543,Sanya Yadav
G-36,Subgroup 4,2504,Angelina Chang
G-36,Subgroup 5,2537,Omar Peterson
G-36,Subgroup 5,2544,Shreyas Nair
G-36,Subgroup 5,2532,Marco Garcia
G-36,Subgroup 5,2548,Xing Ying
G-36,Subgroup 5,2527,Leah Smith
G-36,Subgroup 6,2508,Azlan Bin Rahim
G-36,Subgroup 6,2522,Hugo Long
G-36,Subgroup 6,2539,Rakesh Pillai
G-36,Subgroup 6,2505,Anisa Rahman
G-36,Subgroup 6,2545,Susan Tan
G-36,Subgroup 7,2514,Chunxiu
G-36,Subgroup 7,2524,Jasper Lim
G-36,Subgroup 7,2510,Benjamin Zhu
G-36,Subgroup 7,2517,Ella Lee
G-36,Subgroup 7,2533,Maya Yusof
G-36,Subgroup 8,2540,Robert Jones
G-36,Subgroup 8,2541,Ryder Brown
G-36,Subgroup 8,2542,Samuel Nelson
G-36,Subgroup 8,2512,Carmen Lim
G-36,Subgroup 8,2529,Lila Chang
G-36,Subgroup 9,2503,Alvin Young
G-36,Subgroup 9,2511,Bo Wen Lim
G-36,Subgroup 9,2521,Hassan Raza
G-36,Subgroup 9,2516,Eliza Lin
G-36,Subgroup 9,2549,Yuki Nakamura
G-36,Subgroup 10,2519,Erik Yang
G-36,Subgroup 10,2509,Benjamin Huang
G-36,Subgroup 10,2500,Addison Cook
G-36,Subgroup 10,2536,Olivia Moore
G-36,Subgroup 10,2530,Lily Zhang
G-37,Subgroup 1,2550,Alya Farisha
G-37,Subgroup 1,2582,Mia White
G-37,Subgroup 1,2568,Isabella Cheung
G-37,Subgroup 1,2570,Jasper Wu
G-37,Subgroup 1,2569,Jasper Tan
G-37,Subgroup 2,2577,Lily Liu
G-37,Subgroup 2,2585,Nisha Binti
G-37,Subgroup 2,2551,Amelia Clark
G-37,Subgroup 2,2580,Medi Prabowo
G-37,Subgroup 2,2555,Benjamin Lee
G-37,Subgroup 3,2584,Neha Yadav
G-37,Subgroup 3,2553,Asma Sheikh
G-37,Subgroup 3,2574,Kavita Iyer
G-37,Subgroup 3,2567,Gordon Ho
G-37,Subgroup 3,2561,Cory Tan
G-37,Subgroup 4,2587,Nora Tan
G-37,Subgroup 4,2571,Jin Wei
G-37,Subgroup 4,2589,Sara Tan
G-37,Subgroup 4,2557,Bruno Alonzo
G-37,Subgroup 4,2593,Tran Van Phuc
G-37,Subgroup 5,2563,Ember Chen
G-37,Subgroup 5,2590,Sophia Johnson
G-37,Subgroup 5,2597,Willa Ford
G-37,Subgroup 5,2560,Chengxian
G-37,Subgroup 5,2559,Cameron Tan
G-37,Subgroup 6,2564,Erin Zhang
G-37,Subgroup 6,2594,Vera Kim
G-37,Subgroup 6,2581,Megan Tsai
G-37,Subgroup 6,2576,Kellan Baker
G-37,Subgroup 6,2556,Bennett Yang
G-37,Subgroup 7,2575,Kavya Joshi
G-37,Subgroup 7,2596,Wenkai
G-37,Subgroup 7,2592,Theresa Tan
G-37,Subgroup 7,2588,Rajesh Yadav
G-37,Subgroup 7,2562,Dante Ong
G-37,Subgroup 8,2599,Zara Binti Mohd
G-37,Subgroup 8,2552,Amina Zainal
G-37,Subgroup 8,2583,Min-Young Kim
G-37,Subgroup 8,2558,Caleb Bennett
G-37,Subgroup 8,2566,Gavin Wu
G-37,Subgroup 9,2565,Evelyn Carter
G-37,Subgroup 9,2578,Lisa Yang
G-37,Subgroup 9,2573,Juliet Chen
G-37,Subgroup 9,2595,Victor Wong
G-37,Subgroup 9,2598,Zac Johnson
G-37,Subgroup 10,2591,Sophie Zhao
G-37,Subgroup 10,2586,Nita Yuliana
G-37,Subgroup 10,2572,Jin Xiu Lim
G-37,Subgroup 10,2554,Avery Lee
G-37,Subgroup 10,2579,Logan King
G-38,Subgroup 1,2648,Zainab Rashid
G-38,Subgroup 1,2619,Nina Singh
G-38,Subgroup 1,2646,Yuna Sato
G-38,Subgroup 1,2600,Andrew Wright
G-38,Subgroup 1,2628,Rishi Reddy
G-38,Subgroup 2,2627,Prisha Tan
G-38,Subgroup 2,2601,Anis Binti Ahmad
G-38,Subgroup 2,2623,Pallavi Menon
G-38,Subgroup 2,2633,Shivam Reddy
G-38,Subgroup 2,2636,Stepan Aleksandrov
G-38,Subgroup 3,2638,Tanya Lim
G-38,Subgroup 3,2614,Lina Zhang
G-38,Subgroup 3,2630,Ruqaiya Ali
G-38,Subgroup 3,2637,Tanner Pineda
G-38,Subgroup 3,2625,Phan Duc Minh
G-38,Subgroup 4,2647,Zainab Bukhari
G-38,Subgroup 4,2617,Misha Javed
G-38,Subgroup 4,2613,Lina Binti Omar
G-38,Subgroup 4,2641,Tristan Smith
G-38,Subgroup 4,2612,Li Wei
G-38,Subgroup 5,2602,Aoqin
G-38,Subgroup 5,2635,Sonia Irfan
G-38,Subgroup 5,2634,Simran Kaur
G-38,Subgroup 5,2642,Ulysses Ramos
G-38,Subgroup 5,2604,Bhavesh Gandhi
G-38,Subgroup 6,2606,Fatima Binti
G-38,Subgroup 6,2626,Prisha Singh
G-38,Subgroup 6,2629,Ruby Chow
G-38,Subgroup 6,2609,Jett Chen
G-38,Subgroup 6,2608,Ikram Tan
G-38,Subgroup 7,2618,Neela Joshi
G-38,Subgroup 7,2620,Nisha Kaur
G-38,Subgroup 7,2643,Vera Nikitina
G-38,Subgroup 7,2621,Noah Alonzo
G-38,Subgroup 7,2610,Kaito Saito
G-38,Subgroup 8,2624,Peyton James
G-38,Subgroup 8,2631,Sana Rani
G-38,Subgroup 8,2622,Nora Binti Rahman
G-38,Subgroup 8,2644,Wyatt Price
G-38,Subgroup 8,2607,Hunter Moore
G-38,Subgroup 9,2632,Sara Binti Kamar
G-38,Subgroup 9,2645,Xena Chan
G-38,Subgroup 9,2640,Tingting
G-38,Subgroup 9,2649,Zhi Hao Lim
G-38,Subgroup 9,2603,Benson Huang
G-38,Subgroup 10,2639,Tiantian
G-38,Subgroup 10,2611,Layla Price
G-38,Subgroup 10,2605,Dina Binti Omar
G-38,Subgroup 10,2615,Marcus Chen
G-38,Subgroup 10,2616,Ming Zhen Lim
G-39,Subgroup 1,2667,Kiran Nadar
G-39,Subgroup 1,2655,Ariana Bennett
G-39,Subgroup 1,2696,Xue Ling Tan
G-39,Subgroup 1,2660,Emilia Tsang
G-39,Subgroup 1,2681,Quincy Turner
G-39,Subgroup 2,2673,Mia Thompson
G-39,Subgroup 2,2680,Pooja Bhatt
G-39,Subgroup 2,2699,Zoe Perez
G-39,Subgroup 2,2688,Savannah Scott
G-39,Subgroup 2,2652,Aman Ali
G-39,Subgroup 3,2669,Layla Tsai
G-39,Subgroup 3,2697,Zainab Iqbal
G-39,Subgroup 3,2656,Bingli
G-39,Subgroup 3,2664,Griffin Yang
G-39,Subgroup 3,2650,Aakash Kumar
G-39,Subgroup 4,2691,Tran Thi Lan
G-39,Subgroup 4,2682,Rani Kaur
G-39,Subgroup 4,2679,Noor Fatima
G-39,Subgroup 4,2666,Jinlong
G-39,Subgroup 4,2651,Alexander Black
G-39,Subgroup 5,2658,Ella Harris
G-39,Subgroup 5,2687,Saswati Roy
G-39,Subgroup 5,2665,Hannah Wong
G-39,Subgroup 5,2672,Matthew Scott
G-39,Subgroup 5,2685,Saifullah Malik
G-39,Subgroup 6,2659,Emiko Takahashi
G-39,Subgroup 6,2690,Sofia Turner
G-39,Subgroup 6,2677,Nancy Lee
G-39,Subgroup 6,2683,Rohit Sharma
G-39,Subgroup 6,2678,Nicolas Brown
G-39,Subgroup 7,2676,Nadia Wong
G-39,Subgroup 7,2686,Sariyah Binti Rahman
G-39,Subgroup 7,2684,Saanvi Kapoor
G-39,Subgroup 7,2668,Kirk Lee
G-39,Subgroup 7,2675,Mukti Bin Ibrahim
G-39,Subgroup 8,2698,Zara Chen
G-39,Subgroup 8,2653,Ananya Sinha
G-39,Subgroup 8,2662,Faye Wong
G-39,Subgroup 8,2674,Michael Nelson
G-39,Subgroup 8,2670,Liam Wong
G-39,Subgroup 9,2671,Lily Wang
G-39,Subgroup 9,2657,Elena Chen
G-39,Subgroup 9,2654,Anita Wong
G-39,Subgroup 9,2663,Freddie Chan
G-39,Subgroup 9,2694,Vikram Seth
G-39,Subgroup 10,2689,Shan Li
G-39,Subgroup 10,2695,Xiu Ying Tan
G-39,Subgroup 10,2693,Victoria Kwan
G-39,Subgroup 10,2692,Ulysses Wong
G-39,Subgroup 10,2661,Ethan Wilson
G-4,Subgroup 1,2715,Eryan
G-4,Subgroup 1,2725,Laura Tan
G-4,Subgroup 1,2736,Pooja Verma
G-4,Subgroup 1,2718,Fiona Yeo
G-4,Subgroup 1,2712,Elias Carter
G-4,Subgroup 2,2716,Esther Lee
G-4,Subgroup 2,2729,Ming Li Tan
G-4,Subgroup 2,2703,Cathy Ng
G-4,Subgroup 2,2700,Aaliyah Morgan
G-4,Subgroup 2,2709,Dmitry Orlov
G-4,Subgroup 3,2717,Fatimah Abdullah
G-4,Subgroup 3,2719,Gracie Scott
G-4,Subgroup 3,2732,Nora Pineda
G-4,Subgroup 3,2731,Nina Baker
G-4,Subgroup 3,2711,Elan Shah
G-4,Subgroup 4,2733,Nozomi Takahashi
G-4,Subgroup 4,2721,Juliati Wibowo
G-4,Subgroup 4,2720,Hana Tan
G-4,Subgroup 4,2739,Sania Bukhari
G-4,Subgroup 4,2713,Emilio Garcia
G-4,Subgroup 5,2728,Meera Bansal
G-4,Subgroup 5,2724,Lan Huang
G-4,Subgroup 5,2730,Molly Chen
G-4,Subgroup 5,2701,Aiden Turner
G-4,Subgroup 5,2722,Kieran Ross
G-4,Subgroup 6,2735,Parvati Chatterjee
G-4,Subgroup 6,2741,Sanya Mehta
G-4,Subgroup 6,2737,Rongwei
G-4,Subgroup 6,2708,Derek Yang
G-4,Subgroup 6,2745,William Harris
G-4,Subgroup 7,2742,Sofia Khan
G-4,Subgroup 7,2746,Xiaoping
G-4,Subgroup 7,2734,Nurul Hafiza
G-4,Subgroup 7,2710,Dylan Ward
G-4,Subgroup 7,2748,Zachary Nelson
G-4,Subgroup 8,2743,Sophia Mitchell
G-4,Subgroup 8,2747,Xiu Fen
G-4,Subgroup 8,2744,Sophie Fox
G-4,Subgroup 8,2723,Kiran Patel
G-4,Subgroup 8,2740,Santiago De Leon
G-4,Subgroup 9,2749,Zainab Farooq
G-4,Subgroup 9,2714,Emily Tan
G-4,Subgroup 9,2705,Charlotte Tsai
G-4,Subgroup 9,2707,David Hughes
G-4,Subgroup 9,2704,Charles Robinson
G-4,Subgroup 10,2706,Dapeng
G-4,Subgroup 10,2726,Lina Tan
G-4,Subgroup 10,2738,Ruby Kwan
G-4,Subgroup 10,2727,Luca Wu
G-4,Subgroup 10,2702,Arvind Rao
G-40,Subgroup 1,2753,Ava Martinez
G-40,Subgroup 1,2790,Wani Binti Amin
G-40,Subgroup 1,2759,Elena Tan
G-40,Subgroup 1,2789,Tian Zhang
G-40,Subgroup 1,2765,Finn Roberts
G-40,Subgroup 2,2785,Stella Li
G-40,Subgroup 2,2797,Zara Adams
G-40,Subgroup 2,2775,Lola Li
G-40,Subgroup 2,2760,Elijah Turner
G-40,Subgroup 2,2780,Rizal Ramadhan
G-40,Subgroup 3,2783,Saira Malik
G-40,Subgroup 3,2786,Tam Nguyen
G-40,Subgroup 3,2755,Claudia Kim
G-40,Subgroup 3,2798,Zhao Yu Tan
G-40,Subgroup 3,2792,Xavier Hall
G-40,Subgroup 4,2751,Aiyun
G-40,Subgroup 4,2752,Akiko Suzuki
G-40,Subgroup 4,2793,Yasmin Binti Aziz
G-40,Subgroup 4,2770,Isaac Hall
G-40,Subgroup 4,2781,Ryan Lewis
G-40,Subgroup 5,2769,Indira Das
G-40,Subgroup 5,2756,Daria Tan
G-40,Subgroup 5,2777,Maya Mohd
G-40,Subgroup 5,2787,Tam Vo
G-40,Subgroup 5,2796,Yuri Chekhov
G-40,Subgroup 6,2750,Aiko Yoshikawa
G-40,Subgroup 6,2779,Rita Lee
G-40,Subgroup 6,2767,Hua Mei
G-40,Subgroup 6,2774,Karim Khan
G-40,Subgroup 6,2763,Fedor Baranov
G-40,Subgroup 7,2788,Tari Hapsari
G-40,Subgroup 7,2784,Sierra Murphy
G-40,Subgroup 7,2773,Jia Zhang
G-40,Subgroup 7,2766,Harrison Mendoza
G-40,Subgroup 7,2761,Elliot Bautista
G-40,Subgroup 8,2799,Zora Villanueva
G-40,Subgroup 8,2758,Duy Pham
G-40,Subgroup 8,2776,Maya Chan
G-40,Subgroup 8,2778,Mukesh Kumar
G-40,Subgroup 8,2754,Chandan Sharma
G-40,Subgroup 9,2764,Felicia Tan
G-40,Subgroup 9,2762,Emily Wu
G-40,Subgroup 9,2768,Hudson Walker
G-40,Subgroup 9,2795,Yun Ling Ng
G-40,Subgroup 9,2794,Yogi Setiawan
G-40,Subgroup 10,2782,Saira Bukhari
G-40,Subgroup 10,2791,Willow Chan
G-40,Subgroup 10,2757,Dinesh Rao
G-40,Subgroup 10,2772,Jacob Parker
G-40,Subgroup 10,2771,Isaac Tan
G-41,Subgroup 1,2810,Farah Ali
G-41,Subgroup 1,2815,Jaya Kapoor
G-41,Subgroup 1,2802,Ananya Verma
G-41,Subgroup 1,2845,Vinay Nair
G-41,Subgroup 1,2825,Mason Garcia
G-41,Subgroup 2,2829,Phoebe Wang
G-41,Subgroup 2,2828,Owen Tan
G-41,Subgroup 2,2814,Isha Rai
G-41,Subgroup 2,2823,Lina Zhao
G-41,Subgroup 2,2849,Yuna Lee
G-41,Subgroup 3,2812,Hana Kim
G-41,Subgroup 3,2807,Daniel Alonzo
G-41,Subgroup 3,2819,Lana Wang
G-41,Subgroup 3,2837,Samantha Murphy
G-41,Subgroup 3,2843,Victor Leonov
G-41,Subgroup 4,2805,Caleb Lee
G-41,Subgroup 4,2827,Nikhil Joshi
G-41,Subgroup 4,2832,Riley Brown
G-41,Subgroup 4,2816,Jayden Richardson
G-41,Subgroup 4,2803,Anushka Singh
G-41,Subgroup 5,2839,Samuel Lin
G-41,Subgroup 5,2820,Leah Wang
G-41,Subgroup 5,2835,Rishabh Sharma
G-41,Subgroup 5,2809,Elena Fedorova
G-41,Subgroup 5,2848,Xing Li
G-41,Subgroup 6,2841,Siddharth Rao
G-41,Subgroup 6,2847,Xing Chen
G-41,Subgroup 6,2836,Ryoji Yamamoto
G-41,Subgroup 6,2830,Priya Mehta
G-41,Subgroup 6,2826,Min-Seok Lee
G-41,Subgroup 7,2811,Feng Gao
G-41,Subgroup 7,2817,Jenna Lim
G-41,Subgroup 7,2806,Celeste Ong
G-41,Subgroup 7,2808,Desmond Tan
G-41,Subgroup 7,2818,Khairul Bin Jamil
G-41,Subgroup 8,2833,Riley Campbell
G-41,Subgroup 8,2831,Rebecca Tan
G-41,Subgroup 8,2846,Xia Yan
G-41,Subgroup 8,2834,Riley Yang
G-41,Subgroup 8,2822,Lily Roberts
G-41,Subgroup 9,2804,Areeba Ahmad
G-41,Subgroup 9,2800,Aarav Singh
G-41,Subgroup 9,2824,Ling Yu
G-41,Subgroup 9,2838,Samia Bukhari
G-41,Subgroup 9,2842,Tariq Bin Ali
G-41,Subgroup 10,2813,Hilda Andayani
G-41,Subgroup 10,2844,Vikram Nair
G-41,Subgroup 10,2801,Adeel Ahmed
G-41,Subgroup 10,2840,Shahid Waseem
G-41,Subgroup 10,2821,Leo Flores
G-42,Subgroup 1,2865,Hina Ahmad
G-42,Subgroup 1,2851,Anushka Reddy
G-42,Subgroup 1,2855,Chloe Young
G-42,Subgroup 1,2874,Kiran Sethi
G-42,Subgroup 1,2850,Ali Salam
G-42,Subgroup 2,2883,Mikayla Lin
G-42,Subgroup 2,2866,Holly Morales
G-42,Subgroup 2,2876,Laila Khan
G-42,Subgroup 2,2886,Nisha Reddy
G-42,Subgroup 2,2896,Suresh Iyer
G-42,Subgroup 3,2894,Sonia Mehta
G-42,Subgroup 3,2871,Jasmine Putri
G-42,Subgroup 3,2881,Mackenzie Dela Cruz
G-42,Subgroup 3,2860,Dinesh Patil
G-42,Subgroup 3,2899,Victor Parker
G-42,Subgroup 4,2854,Cheng Yu
G-42,Subgroup 4,2889,Riya Patil
G-42,Subgroup 4,2867,Ian Alonzo
G-42,Subgroup 4,2898,Tristan King
G-42,Subgroup 4,2858,Dante Hughes
G-42,Subgroup 5,2864,Heng Yi Lim
G-42,Subgroup 5,2862,Grace King
G-42,Subgroup 5,2852,Ava Miller
G-42,Subgroup 5,2895,Sophia Brown
G-42,Subgroup 5,2875,Koa Wu
G-42,Subgroup 6,2884,Nai Li
G-42,Subgroup 6,2868,Ivy Lim
G-42,Subgroup 6,2897,Tanvi Desai
G-42,Subgroup 6,2872,Jin-Ho Park
G-42,Subgroup 6,2870,James Martinez
G-42,Subgroup 7,2856,Colton Zhao
G-42,Subgroup 7,2877,Lina Agustina
G-42,Subgroup 7,2859,Darren Lee
G-42,Subgroup 7,2890,Ryan Yang
G-42,Subgroup 7,2887,Obi Prabowo
G-42,Subgroup 8,2869,Jacob Young
G-42,Subgroup 8,2891,Sanya Sharma
G-42,Subgroup 8,2861,Gavin White
G-42,Subgroup 8,2885,Nina Morales
G-42,Subgroup 8,2888,Rina Iyer
G-42,Subgroup 9,2873,Kevin Patel
G-42,Subgroup 9,2863,Haruki Fujii
G-42,Subgroup 9,2853,Brenda Yip
G-42,Subgroup 9,2878,Ling Hua
G-42,Subgroup 9,2879,Lola Lin
G-42,Subgroup 10,2880,Luca Walker
G-42,Subgroup 10,2893,Sonali Singh
G-42,Subgroup 10,2892,Sienna Martinez
G-42,Subgroup 10,2857,Dallas Liu
G-42,Subgroup 10,2882,Mai Ngo
G-43,Subgroup 1,2909,David Wright
G-43,Subgroup 1,2936,Nugroho Setyawan
G-43,Subgroup 1,2935,Nadeem Khan
G-43,Subgroup 1,2948,Zara Latif
G-43,Subgroup 1,2938,Rina Sharma
G-43,Subgroup 2,2916,Hugo Cruz
G-43,Subgroup 2,2941,Shiv Kumar
G-43,Subgroup 2,2908,Danish Malik
G-43,Subgroup 2,2900,Ada Tan
G-43,Subgroup 2,2901,Aditi Singh
G-43,Subgroup 3,2933,Liam Patel
G-43,Subgroup 3,2906,Chandra Menon
G-43,Subgroup 3,2945,Vincent King
G-43,Subgroup 3,2924,Kanghao
G-43,Subgroup 3,2907,Da Huang
G-43,Subgroup 4,2949,Zhi Qi Tan
G-43,Subgroup 4,2915,Hao Zhi Lim
G-43,Subgroup 4,2920,Jackson Yip
G-43,Subgroup 4,2937,Pooja Bansal
G-43,Subgroup 4,2925,Kayla Rivera
G-43,Subgroup 5,2921,Jaxon Martin
G-43,Subgroup 5,2923,Kade Young
G-43,Subgroup 5,2903,Asim Hussain
G-43,Subgroup 5,2942,Sophie Ong
G-43,Subgroup 5,2940,Sara Li
G-43,Subgroup 6,2943,Takumi Nakamura
G-43,Subgroup 6,2922,Jin Xiu
G-43,Subgroup 6,2918,Isaac Green
G-43,Subgroup 6,2904,Ava Brown
G-43,Subgroup 6,2930,Kiran Tan
G-43,Subgroup 7,2905,Ben Wong
G-43,Subgroup 7,2929,Kiran Gupta
G-43,Subgroup 7,2944,Taro Watanabe
G-43,Subgroup 7,2939,Ruiqi
G-43,Subgroup 7,2913,Gita Menon
G-43,Subgroup 8,2910,Deepak Kumar
G-43,Subgroup 8,2911,Evan Lewis
G-43,Subgroup 8,2914,Grace Campbell
G-43,Subgroup 8,2934,Min Zhu
G-43,Subgroup 8,2902,Amber Tan
G-43,Subgroup 9,2919,Isaiah Huang
G-43,Subgroup 9,2912,Gavin Ramirez
G-43,Subgroup 9,2946,Xia Yu
G-43,Subgroup 9,2927,Kendra Zhao
G-43,Subgroup 9,2947,Yasmin Rahmadani
G-43,Subgroup 10,2926,Ke Wang
G-43,Subgroup 10,2931,Koh Wei
G-43,Subgroup 10,2932,Lana Wong
G-43,Subgroup 10,2928,Khadija Waseem
G-43,Subgroup 10,2917,Hui Mei
G-44,Subgroup 1,2956,Asher Wu
G-44,Subgroup 1,2964,Evelyn Lim
G-44,Subgroup 1,2990,Una Ningsih
G-44,Subgroup 1,2958,Chen Xiang
G-44,Subgroup 1,2960,Dorian Morales
G-44,Subgroup 2,2974,Matthew Wu
G-44,Subgroup 2,2978,Nora Baker
G-44,Subgroup 2,2972,Ling Feng
G-44,Subgroup 2,2973,Mahesh Babu
G-44,Subgroup 2,2954,Anika Mehta
G-44,Subgroup 3,2979,Oliver Lopez
G-44,Subgroup 3,2984,Rinawati Rahim
G-44,Subgroup 3,2993,Wyatt Campbell
G-44,Subgroup 3,2975,Milo Zhao
G-44,Subgroup 3,2992,Willa Howard
G-44,Subgroup 4,2961,Elena Wong
G-44,Subgroup 4,2996,Zara Yang
G-44,Subgroup 4,2953,An Pham
G-44,Subgroup 4,2959,Christian Peterson
G-44,Subgroup 4,2957,Ava Kim
G-44,Subgroup 5,2969,Kiran Lee
G-44,Subgroup 5,2968,Jin Xiu
G-44,Subgroup 5,2967,Isaiah Cooper
G-44,Subgroup 5,2970,Leo Wilson
G-44,Subgroup 5,2999,Zoe Adams
G-44,Subgroup 6,2980,Patricia Lim
G-44,Subgroup 6,2985,Sadaf Iqbal
G-44,Subgroup 6,2955,Aria Smith
G-44,Subgroup 6,2976,Ming Zhao
G-44,Subgroup 6,2966,Isaac Koh
G-44,Subgroup 7,2989,Taojie
G-44,Subgroup 7,2997,Zeenat Awan
G-44,Subgroup 7,2998,Zhihao Wang
G-44,Subgroup 7,2950,Aditi Joshi
G-44,Subgroup 7,2977,Nguyen Quoc Duy
G-44,Subgroup 8,2952,Alina Iqbal
G-44,Subgroup 8,2965,Gabriel Diaz
G-44,Subgroup 8,2983,Rehan Khan
G-44,Subgroup 8,2982,Rafael Mendoza
G-44,Subgroup 8,2994,Xia Li
G-44,Subgroup 9,2962,Eli
G-44,Subgroup 9,2986,Sanjay Verma
G-44,Subgroup 9,2981,Quincy Ong
G-44,Subgroup 9,2988,Tae-Woo Lee
G-44,Subgroup 9,2963,Elijah Wilson
G-44,Subgroup 10,2951,Aiko Fujimoto
G-44,Subgroup 10,2987,Suresh Kumar
G-44,Subgroup 10,2995,Xue Liu
G-44,Subgroup 10,2971,Lillian Kelly
G-44,Subgroup 10,2991,Valeria Ivanova
G-45,Subgroup 1,3003,Alina Shah
G-45,Subgroup 1,3006,Ava Carter
G-45,Subgroup 1,3013,Charlotte Perez
G-45,Subgroup 1,3022,Kang Wei Lim
G-45,Subgroup 1,3043,Tuan Le
G-45,Subgroup 2,3007,Ava Harris
G-45,Subgroup 2,3018,Gianna Kim
G-45,Subgroup 2,3027,Leah Liu
G-45,Subgroup 2,3025,Kou Suzuki
G-45,Subgroup 2,3015,Elliot Lim
G-45,Subgroup 3,3000,Abby Cooper
G-45,Subgroup 3,3019,Hana Nishida
G-45,Subgroup 3,3005,Anu Rao
G-45,Subgroup 3,3029,Luka Brown
G-45,Subgroup 3,3041,Theo Campbell
G-45,Subgroup 4,3014,Coco Tan
G-45,Subgroup 4,3004,Aliya Khan
G-45,Subgroup 4,3010,Cahya Sari
G-45,Subgroup 4,3047,Winston Santos
G-45,Subgroup 4,3028,Lincoln Yang
G-45,Subgroup 5,3024,Kavita Gupta
G-45,Subgroup 5,3031,Maya Lim
G-45,Subgroup 5,3038,Saanvi Rao
G-45,Subgroup 5,3001,Ahmad Hassan
G-45,Subgroup 5,3048,Winston Wong
G-45,Subgroup 6,3026,Lacey Tsai
G-45,Subgroup 6,3034,Nguyen Thi Kim
G-45,Subgroup 6,3039,Sarah Taylor
G-45,Subgroup 6,3023,Kartik Subramanian
G-45,Subgroup 6,3011,Charlie Wong
G-45,Subgroup 7,3008,Beatrice Kwan
G-45,Subgroup 7,3042,Tu Le
G-45,Subgroup 7,3012,Charlotte Moore
G-45,Subgroup 7,3046,Wei Zhang
G-45,Subgroup 7,3021,Jesse Mendoza
G-45,Subgroup 8,3030,Mara Dela Cruz
G-45,Subgroup 8,3020,Isabella Tan
G-45,Subgroup 8,3033,Neha Bhatia
G-45,Subgroup 8,3049,Yun Cheng
G-45,Subgroup 8,3045,Vince Wong
G-45,Subgroup 9,3009,Bingqi
G-45,Subgroup 9,3032,Molly Pineda
G-45,Subgroup 9,3037,Rahul Khanna
G-45,Subgroup 9,3016,Erik Yudhi
G-45,Subgroup 9,3044,Ulysses Mitchell
G-45,Subgroup 10,3035,Nurul Huda
G-45,Subgroup 10,3036,Rachael Tan
G-45,Subgroup 10,3017,Fikri Bin Ali
G-45,Subgroup 10,3040,Sidharth Malhotra
G-45,Subgroup 10,3002,Aiden Tan
G-46,Subgroup 1,3079,Nikita Alexeyev
G-46,Subgroup 1,3063,Haruna Ito
G-46,Subgroup 1,3075,Madiha Bukhari
G-46,Subgroup 1,3057,Dmitry Grigoriev
G-46,Subgroup 1,3055,Dante Huang
G-46,Subgroup 2,3099,Zeeshan Muneeb
G-46,Subgroup 2,3086,Rania Sulaiman
G-46,Subgroup 2,3091,Shunwei
G-46,Subgroup 2,3076,Minghao
G-46,Subgroup 2,3096,Wyatt Ward
G-46,Subgroup 3,3054,Daniel Hall
G-46,Subgroup 3,3060,Ella Davis
G-46,Subgroup 3,3068,Kiran Sharma
G-46,Subgroup 3,3090,Shreya Choudhury
G-46,Subgroup 3,3066,James Griffin
G-46,Subgroup 4,3072,Lianhua
G-46,Subgroup 4,3085,Rakesh Nair
G-46,Subgroup 4,3078,Nash Lee
G-46,Subgroup 4,3050,Ashley Thompson
G-46,Subgroup 4,3098,Zane Huang
G-46,Subgroup 5,3059,Elizaveta Semyonova
G-46,Subgroup 5,3053,Dahlia Li
G-46,Subgroup 5,3094,Wenyi
G-46,Subgroup 5,3093,Tian Li
G-46,Subgroup 5,3062,Harrison Chen
G-46,Subgroup 6,3064,Isabella Wright
G-46,Subgroup 6,3056,Dina Binti Azhar
G-46,Subgroup 6,3070,Leah Wong
G-46,Subgroup 6,3073,Lila Hayes
G-46,Subgroup 6,3061,Fiona Lim
G-46,Subgroup 7,3089,Shila Binti Zain
G-46,Subgroup 7,3084,Rachael Chang
G-46,Subgroup 7,3058,Elijah Scott
G-46,Subgroup 7,3052,Cora Tsai
G-46,Subgroup 7,3081,Pallavi Jain
G-46,Subgroup 8,3092,Sophie Johnson
G-46,Subgroup 8,3074,Mabel Tsai
G-46,Subgroup 8,3083,Quincy Turner
G-46,Subgroup 8,3067,Josh Tan
G-46,Subgroup 8,3077,Nadia Binti Zain
G-46,Subgroup 9,3071,Leonard Wong
G-46,Subgroup 9,3051,Beckett Lee
G-46,Subgroup 9,3082,Penny Yip
G-46,Subgroup 9,3065,Isha Rao
G-46,Subgroup 9,3069,Kwan-Jin Park
G-46,Subgroup 10,3080,Owais Javed
G-46,Subgroup 10,3095,Wyatt Johnson
G-46,Subgroup 10,3087,Sabrina Chen
G-46,Subgroup 10,3088,Sakshi Gupta
G-46,Subgroup 10,3097,Yong Wei Tan
G-47,Subgroup 1,3120,Maddox Hughes
G-47,Subgroup 1,3131,Rajiv Singh
G-47,Subgroup 1,3143,Violet Simpson
G-47,Subgroup 1,3146,Yoshio Suzuki
G-47,Subgroup 1,3109,Gina Permata
G-47,Subgroup 2,3144,Vivian Chen
G-47,Subgroup 2,3141,Tanner Mendoza
G-47,Subgroup 2,3106,Exiang
G-47,Subgroup 2,3133,Sakura Tanaka
G-47,Subgroup 2,3113,Julian Bennett
G-47,Subgroup 3,3139,Sophia Wilson
G-47,Subgroup 3,3148,Zeenat Malik
G-47,Subgroup 3,3107,Fenny Widianti
G-47,Subgroup 3,3100,Chloe Ward
G-47,Subgroup 3,3132,Rani Malik
G-47,Subgroup 4,3101,Chris Young
G-47,Subgroup 4,3123,Naina Bhatia
G-47,Subgroup 4,3122,Madison Baker
G-47,Subgroup 4,3105,Ethan Hall
G-47,Subgroup 4,3145,Willa Reed
G-47,Subgroup 5,3125,Nguyen Van Khoa
G-47,Subgroup 5,3102,David Wright
G-47,Subgroup 5,3138,Sienna Morales
G-47,Subgroup 5,3140,Subhash Yadav
G-47,Subgroup 5,3147,Zainab Ali
G-47,Subgroup 6,3149,Zeke Villanueva
G-47,Subgroup 6,3108,Finn Liu
G-47,Subgroup 6,3112,Jett Liu
G-47,Subgroup 6,3127,Nora Turner
G-47,Subgroup 6,3114,Kamal Nair
G-47,Subgroup 7,3121,Madiha Khan
G-47,Subgroup 7,3111,James Lewis
G-47,Subgroup 7,3142,Tarun Khanna
G-47,Subgroup 7,3124,Nazim Bin Ali
G-47,Subgroup 7,3130,Priti Yeo
G-47,Subgroup 8,3137,Sienna Allen
G-47,Subgroup 8,3119,Lily Rivera
G-47,Subgroup 8,3103,Eleanor Morales
G-47,Subgroup 8,3128,Oscar Harris
G-47,Subgroup 8,3134,Samuel White
G-47,Subgroup 9,3116,Kishore Iyer
G-47,Subgroup 9,3104,Emily Powell
G-47,Subgroup 9,3118,Lily Gonzalez
G-47,Subgroup 9,3135,Scarlett Coleman
G-47,Subgroup 9,3126,Noel Wu
G-47,Subgroup 10,3129,Parker Cruz
G-47,Subgroup 10,3117,Leila Rahman
G-47,Subgroup 10,3115,Kiran Yadav
G-47,Subgroup 10,3136,Si Min Tan
G-47,Subgroup 10,3110,Jae Min Lim
G-48,Subgroup 1,3157,Caleb White
G-48,Subgroup 1,3151,Aisha Chen
G-48,Subgroup 1,3189,Siddharth Gupta
G-48,Subgroup 1,3165,Greg Tsang
G-48,Subgroup 1,3159,Dante Lee
G-48,Subgroup 2,3178,Logan Scott
G-48,Subgroup 2,3162,Emma Zhang
G-48,Subgroup 2,3195,Wyatt Tan
G-48,Subgroup 2,3171,Isaac Clark
G-48,Subgroup 2,3199,Zeus Yang
G-48,Subgroup 3,3183,Naresh Yadav
G-48,Subgroup 3,3163,Freya Brown
G-48,Subgroup 3,3184,Neha Kumar
G-48,Subgroup 3,3170,Huifen
G-48,Subgroup 3,3191,Timothy Tan
G-48,Subgroup 4,3185,Nitin Mehta
G-48,Subgroup 4,3179,Maya Lee
G-48,Subgroup 4,3154,Amber Lee
G-48,Subgroup 4,3153,Alya Dwi
G-48,Subgroup 4,3182,Naila Zainal
G-48,Subgroup 5,3168,Harper Garcia
G-48,Subgroup 5,3150,Aira Binti
G-48,Subgroup 5,3172,James Wong
G-48,Subgroup 5,3155,Asher Liu
G-48,Subgroup 5,3173,Jasmine Chan
G-48,Subgroup 6,3175,Khadija Ali
G-48,Subgroup 6,3161,Emma Rodriguez
G-48,Subgroup 6,3198,Zayden Scott
G-48,Subgroup 6,3187,Qomariyah Ningsih
G-48,Subgroup 6,3167,Hannah King
G-48,Subgroup 7,3192,Veda Chen
G-48,Subgroup 7,3190,Soo-Hyun Kim
G-48,Subgroup 7,3166,Guntur Wibowo
G-48,Subgroup 7,3158,Callum Williams
G-48,Subgroup 7,3174,Kade Young
G-48,Subgroup 8,3196,Yara Ali
G-48,Subgroup 8,3177,Liam Young
G-48,Subgroup 8,3197,Yin Wei
G-48,Subgroup 8,3156,Ava Lim
G-48,Subgroup 8,3186,Oscar Cheung
G-48,Subgroup 9,3160,Destiny Li
G-48,Subgroup 9,3169,Harrison Moore
G-48,Subgroup 9,3194,Wren Flores
G-48,Subgroup 9,3193,Victor Wong
G-48,Subgroup 9,3152,Aldina Putri
G-48,Subgroup 10,3181,Nadia Tan
G-48,Subgroup 10,3176,Li Xuan Tan
G-48,Subgroup 10,3164,Gavin Thompson
G-48,Subgroup 10,3180,Mei Zhen Goh
G-48,Subgroup 10,3188,Quinn Adams
G-49,Subgroup 1,3217,Liam Davis
G-49,Subgroup 1,3204,Bella Wright
G-49,Subgroup 1,3245,Tina Wei
G-49,Subgroup 1,3240,Robert Davis
G-49,Subgroup 1,3222,Mason Jackson
G-49,Subgroup 2,3244,Shalini Patel
G-49,Subgroup 2,3203,Bella Lin
G-49,Subgroup 2,3223,Mia Johnson
G-49,Subgroup 2,3247,Vladimir Sergeyev
G-49,Subgroup 2,3202,Arvind Sharma
G-49,Subgroup 3,3226,Natsuki Sakamoto
G-49,Subgroup 3,3225,Nadia Khan
G-49,Subgroup 3,3224,Molly Tan
G-49,Subgroup 3,3208,Ethan Ramirez
G-49,Subgroup 3,3249,Zayn Malik
G-49,Subgroup 4,3228,Nina Kaur
G-49,Subgroup 4,3236,Rabia Iqbal
G-49,Subgroup 4,3227,Neha Desai
G-49,Subgroup 4,3218,Lucas Huang
G-49,Subgroup 4,3215,Leonardo Wu
G-49,Subgroup 5,3229,Nina Ong
G-49,Subgroup 5,3246,Vani Patil
G-49,Subgroup 5,3219,Lydia Lim
G-49,Subgroup 5,3233,Owen Villanueva
G-49,Subgroup 5,3210,Ilya Petrovich
G-49,Subgroup 6,3234,Panshi
G-49,Subgroup 6,3200,Aida Binti Omar
G-49,Subgroup 6,3230,Nina Wu
G-49,Subgroup 6,3201,Arif Waseem
G-49,Subgroup 6,3241,Rocco Wu
G-49,Subgroup 7,3238,Riya Sinha
G-49,Subgroup 7,3211,Jia Yu
G-49,Subgroup 7,3214,Leah Li
G-49,Subgroup 7,3220,Manish Singh
G-49,Subgroup 7,3248,Wei Jie
G-49,Subgroup 8,3209,Fanny Tan
G-49,Subgroup 8,3239,Rizqi Bin Mohd
G-49,Subgroup 8,3237,Rachel Tan
G-49,Subgroup 8,3205,Chester Lim
G-49,Subgroup 8,3206,David Simmons
G-49,Subgroup 9,3242,Sami Ali
G-49,Subgroup 9,3232,Olivia Tam
G-49,Subgroup 9,3243,Serena Lee
G-49,Subgroup 9,3231,Noble Huang
G-49,Subgroup 9,3216,Levi Edwards
G-49,Subgroup 10,3207,Elaine Lim
G-49,Subgroup 10,3212,Kanika Verma
G-49,Subgroup 10,3213,Kong Jian
G-49,Subgroup 10,3235,Pranav Nair
G-49,Subgroup 10,3221,Marwan Bin Ali
G-5,Subgroup 1,3276,Nisha Tan
G-5,Subgroup 1,3287,Savannah Hayes
G-5,Subgroup 1,3269,Layla Chen
G-5,Subgroup 1,3292,Tatiana Morozova
G-5,Subgroup 1,3293,Tian Gao
G-5,Subgroup 2,3279,Qi Wang
G-5,Subgroup 2,3295,Wendy Wong
G-5,Subgroup 2,3273,Michelle Kwan
G-5,Subgroup 2,3256,Danying
G-5,Subgroup 2,3259,Dorian Wu
G-5,Subgroup 3,3290,Suhana Roy
G-5,Subgroup 3,3296,Xiaofang
G-5,Subgroup 3,3299,Yue Zhang
G-5,Subgroup 3,3260,Dylan Kim
G-5,Subgroup 3,3271,Lucas White
G-5,Subgroup 4,3298,Ying Chen
G-5,Subgroup 4,3268,Katherine Lim
G-5,Subgroup 4,3254,Aria Morales
G-5,Subgroup 4,3286,Samuel Huang
G-5,Subgroup 4,3252,Anthony Parker
G-5,Subgroup 5,3288,Shu Zhang
G-5,Subgroup 5,3277,Olive Li
G-5,Subgroup 5,3251,Ananya Choudhury
G-5,Subgroup 5,3265,Hassan Bin Yusof
G-5,Subgroup 5,3272,Marcus Turner
G-5,Subgroup 6,3297,Xue Rui
G-5,Subgroup 6,3280,Rebecca Lee
G-5,Subgroup 6,3274,Nadia Chai
G-5,Subgroup 6,3284,Ryan Hall
G-5,Subgroup 6,3261,Elijah Clark
G-5,Subgroup 7,3264,Harlow Diaz
G-5,Subgroup 7,3266,Imogen Butler
G-5,Subgroup 7,3285,Samantha Taylor
G-5,Subgroup 7,3267,Jamal Bin Rahman
G-5,Subgroup 7,3263,Gavin Carter
G-5,Subgroup 8,3283,Riya Ali
G-5,Subgroup 8,3281,Rhea Joshi
G-5,Subgroup 8,3294,Victoria Ward
G-5,Subgroup 8,3257,Dmitri Andreev
G-5,Subgroup 8,3258,Dorian Wu
G-5,Subgroup 9,3289,Sophie Zhou
G-5,Subgroup 9,3282,Rina Sato
G-5,Subgroup 9,3278,Priya Rao
G-5,Subgroup 9,3262,Exiang
G-5,Subgroup 9,3255,Christopher Harris
G-5,Subgroup 10,3275,Naomi Tanaka
G-5,Subgroup 10,3291,Tanya Qureshi
G-5,Subgroup 10,3253,Anushka Desai
G-5,Subgroup 10,3270,Liam Reyes
G-5,Subgroup 10,3250,Aarav Patel
G-50,Subgroup 1,3318,Gavin Wright
G-50,Subgroup 1,3306,Benjamin White
G-50,Subgroup 1,3347,Widi Hardiyanto
G-50,Subgroup 1,3324,Jonathan Ramirez
G-50,Subgroup 1,3346,Tanisha Reddy
G-50,Subgroup 2,3331,Levi Tan
G-50,Subgroup 2,3317,Gavin Adams
G-50,Subgroup 2,3335,Nikhil Bansal
G-50,Subgroup 2,3349,Zhen Zhou
G-50,Subgroup 2,3323,Jay Lim
G-50,Subgroup 3,3337,Owen Wang
G-50,Subgroup 3,3330,Leo Chan
G-50,Subgroup 3,3315,Fatimah Binti Ahmad
G-50,Subgroup 3,3327,Kirti Sharma
G-50,Subgroup 3,3334,Natasha Singh
G-50,Subgroup 4,3311,Daryl Lee
G-50,Subgroup 4,3338,Peter Lee
G-50,Subgroup 4,3340,Rhea Nair
G-50,Subgroup 4,3328,Lana Garcia
G-50,Subgroup 4,3339,Qori Cahyani
G-50,Subgroup 5,3307,Bingwen
G-50,Subgroup 5,3302,Arjun Bansal
G-50,Subgroup 5,3344,Sophia Zhang
G-50,Subgroup 5,3336,Nolan Reyes
G-50,Subgroup 5,3303,Arun Nair
G-50,Subgroup 6,3322,Hua Ling
G-50,Subgroup 6,3319,Hafiz Bin Abdul
G-50,Subgroup 6,3320,Haibin Zhao
G-50,Subgroup 6,3300,Amy Yeo
G-50,Subgroup 6,3312,Deepti Sharma
G-50,Subgroup 7,3343,Sophia Liu
G-50,Subgroup 7,3316,Freya Murphy
G-50,Subgroup 7,3341,Santhosh Menon
G-50,Subgroup 7,3321,Hannah Jenkins
G-50,Subgroup 7,3342,Siti Khadijah
G-50,Subgroup 8,3310,Ciara Lim
G-50,Subgroup 8,3305,Ayu Dwi
G-50,Subgroup 8,3348,Wiley Huang
G-50,Subgroup 8,3329,Layla Baker
G-50,Subgroup 8,3345,Syed Faris Bin Ali
G-50,Subgroup 9,3333,May Li
G-50,Subgroup 9,3309,Cheng Yi
G-50,Subgroup 9,3325,Karan Nair
G-50,Subgroup 9,3332,Liam Johnson
G-50,Subgroup 9,3326,Kiran Reddy
G-50,Subgroup 10,3304,Asad Malik
G-50,Subgroup 10,3313,Derek Lee
G-50,Subgroup 10,3301,Anjali Verma
G-50,Subgroup 10,3314,Emma Brown
G-50,Subgroup 10,3308,Bria Ong
G-51,Subgroup 1,3376,Min Xu
G-51,Subgroup 1,3361,Esther Tan
G-51,Subgroup 1,3375,Lila Allen
G-51,Subgroup 1,3358,Eli Barnes
G-51,Subgroup 1,3356,Duncan Lee
G-51,Subgroup 2,3391,Sneha Menon
G-51,Subgroup 2,3378,Neha Mehta
G-51,Subgroup 2,3384,Rina Binti Khairul
G-51,Subgroup 2,3362,Gabriel Navarro
G-51,Subgroup 2,3366,Ivan Novikov
G-51,Subgroup 3,3354,Bella Evans
G-51,Subgroup 3,3388,Serena Liu
G-51,Subgroup 3,3372,Kim Lee
G-51,Subgroup 3,3363,Gavin Harris
G-51,Subgroup 3,3398,Zach Chan
G-51,Subgroup 4,3364,Gina Alvarado
G-51,Subgroup 4,3379,Nida Bukhari
G-51,Subgroup 4,3380,Nusrat Bukhari
G-51,Subgroup 4,3365,Heath Cruz
G-51,Subgroup 4,3369,Jett Li
G-51,Subgroup 5,3370,Kara Liu
G-51,Subgroup 5,3355,Daphne Kwan
G-51,Subgroup 5,3396,Wendy Chan
G-51,Subgroup 5,3382,Omer Hussain
G-51,Subgroup 5,3386,Samuel Ng
G-51,Subgroup 6,3394,Vera Chen
G-51,Subgroup 6,3397,Yongqiang
G-51,Subgroup 6,3359,Emilia Tan
G-51,Subgroup 6,3395,Victor Liu
G-51,Subgroup 6,3392,Syed Muneer Bin Shah
G-51,Subgroup 7,3350,Amelia Martin
G-51,Subgroup 7,3377,Ming Yi Tan
G-51,Subgroup 7,3351,Annie Goh
G-51,Subgroup 7,3353,Asim Hussain
G-51,Subgroup 7,3368,Jaxon Thomas
G-51,Subgroup 8,3360,Emily Turner
G-51,Subgroup 8,3367,Jasmine Tan
G-51,Subgroup 8,3393,Tania Tan
G-51,Subgroup 8,3383,Prakash Menon
G-51,Subgroup 8,3374,Leo Sanders
G-51,Subgroup 9,3387,Sanya Rao
G-51,Subgroup 9,3371,Kenzie Tsai
G-51,Subgroup 9,3381,Olivia Harris
G-51,Subgroup 9,3390,Siti Hawa
G-51,Subgroup 9,3357,Dustin Yang
G-51,Subgroup 10,3389,Shazia Ahmed
G-51,Subgroup 10,3373,Krisha Malhotra
G-51,Subgroup 10,3399,Zoe Tan
G-51,Subgroup 10,3352,Arvind Menon
G-51,Subgroup 10,3385,Saad Khan
G-52,Subgroup 1,3400,Aaliyah Tan
G-52,Subgroup 1,3445,Yasmin Khan
G-52,Subgroup 1,3432,Niharika Roy
G-52,Subgroup 1,3447,Yuan Zhang
G-52,Subgroup 1,3425,Kairo Wu
G-52,Subgroup 2,3415,Ella Walker
G-52,Subgroup 2,3418,Guixiang
G-52,Subgroup 2,3420,Hannah Reed
G-52,Subgroup 2,3413,Dylan Chan
G-52,Subgroup 2,3449,Zhi Yi Ng
G-52,Subgroup 3,3426,Kiera Tan
G-52,Subgroup 3,3441,Tania Das
G-52,Subgroup 3,3436,Phoebe Lim
G-52,Subgroup 3,3437,Qingxian
G-52,Subgroup 3,3410,Cheng Chen
G-52,Subgroup 4,3401,Aditi Rao
G-52,Subgroup 4,3427,Lakshmi Iyer
G-52,Subgroup 4,3412,Dongmei
G-52,Subgroup 4,3419,Han Song Lim
G-52,Subgroup 4,3409,Chau Tran
G-52,Subgroup 5,3428,Layla Wong
G-52,Subgroup 5,3438,Ruocong
G-52,Subgroup 5,3421,Hazel Lim
G-52,Subgroup 5,3414,Dylan Scott
G-52,Subgroup 5,3448,Yuri Cruz
G-52,Subgroup 6,3411,Daisy Brown
G-52,Subgroup 6,3444,Xiaoyu Zhang
G-52,Subgroup 6,3416,Fang Yu
G-52,Subgroup 6,3406,Arvind Nair
G-52,Subgroup 6,3405,Arjun Choudhury
G-52,Subgroup 7,3434,Olivia Wu
G-52,Subgroup 7,3423,Jasmine Wang
G-52,Subgroup 7,3431,Misha Binti Noor
G-52,Subgroup 7,3443,Vinny Rivera
G-52,Subgroup 7,3408,Carlos Martinez
G-52,Subgroup 8,3439,Samantha Brown
G-52,Subgroup 8,3407,Bethany Zhang
G-52,Subgroup 8,3402,Alexis Parker
G-52,Subgroup 8,3417,Freddy Martinez
G-52,Subgroup 8,3442,Veer Singh
G-52,Subgroup 9,3433,Nina Li
G-52,Subgroup 9,3404,Amelia Garcia
G-52,Subgroup 9,3429,Leela Menon
G-52,Subgroup 9,3422,Isaiah Brown
G-52,Subgroup 9,3446,Yuan Wei
G-52,Subgroup 10,3440,Siti Rahman
G-52,Subgroup 10,3430,Mingyu
G-52,Subgroup 10,3403,Amara Zhang
G-52,Subgroup 10,3424,Jin Jian Lim
G-52,Subgroup 10,3435,Pei Li
G-53,Subgroup 1,3460,Gianna Lopez
G-53,Subgroup 1,3484,Omar Tan
G-53,Subgroup 1,3472,Laxmi Joshi
G-53,Subgroup 1,3476,Maya Perry
G-53,Subgroup 1,3478,Nadia Binti Zain
G-53,Subgroup 2,3468,Jessica Wright
G-53,Subgroup 2,3458,Fina Rahmawati
G-53,Subgroup 2,3490,Siena Chang
G-53,Subgroup 2,3461,Grace Walker
G-53,Subgroup 2,3453,Ayden Clark
G-53,Subgroup 3,3474,Lijuan
G-53,Subgroup 3,3487,Rina Lim
G-53,Subgroup 3,3481,Nathan Ong
G-53,Subgroup 3,3493,Tariq Malik
G-53,Subgroup 3,3473,Liang Gao
G-53,Subgroup 4,3496,Yao Chen
G-53,Subgroup 4,3482,Neha Singh
G-53,Subgroup 4,3470,John Walker
G-53,Subgroup 4,3465,Hui Xuan
G-53,Subgroup 4,3488,Samir Patel
G-53,Subgroup 5,3497,Zara Kumar
G-53,Subgroup 5,3485,Ophelia Harris
G-53,Subgroup 5,3454,Chloe Lin
G-53,Subgroup 5,3499,Zhen Zhou
G-53,Subgroup 5,3480,Nash Wong
G-53,Subgroup 6,3467,Jae-Won Oh
G-53,Subgroup 6,3492,Tanvi Joshi
G-53,Subgroup 6,3466,Iqra Awan
G-53,Subgroup 6,3463,Henry Wood
G-53,Subgroup 6,3455,Dylan King
G-53,Subgroup 7,3471,Kaden Hernandez
G-53,Subgroup 7,3462,Grayson Lee
G-53,Subgroup 7,3477,Nadia Binti Rahman
G-53,Subgroup 7,3494,Vinny Rivera
G-53,Subgroup 7,3464,Hui Xin
G-53,Subgroup 8,3486,Riku Saito
G-53,Subgroup 8,3469,Jing Xu
G-53,Subgroup 8,3489,Shahid Hussain
G-53,Subgroup 8,3479,Naina Rani
G-53,Subgroup 8,3483,Nisha Binti
G-53,Subgroup 9,3495,Wira Setiawan
G-53,Subgroup 9,3451,Aihua
G-53,Subgroup 9,3456,Eli Morales
G-53,Subgroup 9,3498,Zhang Li
G-53,Subgroup 9,3452,Ashton Yang
G-53,Subgroup 10,3450,Aidan Ong
G-53,Subgroup 10,3457,Emily Mitchell
G-53,Subgroup 10,3459,Finn Ramirez
G-53,Subgroup 10,3475,Lola Martinez
G-53,Subgroup 10,3491,Sulekha Yadav
G-54,Subgroup 1,3502,Aisha Tan
G-54,Subgroup 1,3545,Yasmin Wong
G-54,Subgroup 1,3514,Haley Santos
G-54,Subgroup 1,3510,Derek Tan
G-54,Subgroup 1,3509,David Brown
G-54,Subgroup 2,3511,Elya Fitria
G-54,Subgroup 2,3518,Jing Yu
G-54,Subgroup 2,3530,Nabihah Binti Rahman
G-54,Subgroup 2,3517,Jameson Cruz
G-54,Subgroup 2,3507,Brady Yang
G-54,Subgroup 3,3503,Akiko Yamashita
G-54,Subgroup 3,3535,Rina Matsumoto
G-54,Subgroup 3,3534,Rani Kurnia
G-54,Subgroup 3,3519,Jonathan Yang
G-54,Subgroup 3,3537,Sandeep Sharma
G-54,Subgroup 4,3533,Rameez Khan
G-54,Subgroup 4,3546,Yasmine Kwan
G-54,Subgroup 4,3528,Miranda Wang
G-54,Subgroup 4,3524,Liam Yang
G-54,Subgroup 4,3548,Zhang Li
G-54,Subgroup 5,3521,Kaira Singh
G-54,Subgroup 5,3500,Aaliyah Sanders
G-54,Subgroup 5,3531,Piper Reyes
G-54,Subgroup 5,3525,Malcolm Chen
G-54,Subgroup 5,3526,Marcus Turner
G-54,Subgroup 6,3523,Lena Tan
G-54,Subgroup 6,3540,Sophie Sanders
G-54,Subgroup 6,3538,Sara Lee
G-54,Subgroup 6,3542,Tarun Singh
G-54,Subgroup 6,3529,Muhammad Amir
G-54,Subgroup 7,3539,Siti Zainab
G-54,Subgroup 7,3543,Tina Goh
G-54,Subgroup 7,3504,Anya Dela Cruz
G-54,Subgroup 7,3544,Wyatt Cheung
G-54,Subgroup 7,3516,Isaiah Moore
G-54,Subgroup 8,3532,Pratiwi Sari
G-54,Subgroup 8,3505,Aoi Sakamoto
G-54,Subgroup 8,3527,Maya Wang
G-54,Subgroup 8,3501,Aariv Patel
G-54,Subgroup 8,3547,Yuri Sokolov
G-54,Subgroup 9,3513,Fariha Malik
G-54,Subgroup 9,3541,Talia Lin
G-54,Subgroup 9,3549,Zhen Wei
G-54,Subgroup 9,3515,Hieu Nguyen
G-54,Subgroup 9,3520,Jordan Washington
G-54,Subgroup 10,3522,Kayla Brooks
G-54,Subgroup 10,3508,Charlotte Ortiz
G-54,Subgroup 10,3512,Emma Wang
G-54,Subgroup 10,3536,Rohan Joshi
G-54,Subgroup 10,3506,Bradley Wong
G-55,Subgroup 1,3559,Deepak Kumar
G-55,Subgroup 1,3582,Priya Sharma
G-55,Subgroup 1,3557,Clara Wu
G-55,Subgroup 1,3560,Dmitry Alekseev
G-55,Subgroup 1,3578,Nadia Binti Noor
G-55,Subgroup 2,3584,Saad Khatri
G-55,Subgroup 2,3591,Veronica Zhao
G-55,Subgroup 2,3571,Isabella Rossellini
G-55,Subgroup 2,3595,Xavier Salazar
G-55,Subgroup 2,3561,Dylan Anderson
G-55,Subgroup 3,3587,Talha Ali
G-55,Subgroup 3,3596,Xiao Mei
G-55,Subgroup 3,3565,Fatima Syed
G-55,Subgroup 3,3555,Axel Liu
G-55,Subgroup 3,3553,Autumn Powell
G-55,Subgroup 4,3592,Victor So
G-55,Subgroup 4,3593,Vladislav Nikiforov
G-55,Subgroup 4,3588,Tessa Bennett
G-55,Subgroup 4,3576,Mason Carter
G-55,Subgroup 4,3568,Hafizah Binti Rahman
G-55,Subgroup 5,3594,Xavier Lee
G-55,Subgroup 5,3598,Yusuf Bin Ahmad
G-55,Subgroup 5,3570,Irfan Bin Mohd
G-55,Subgroup 5,3585,Serena Chen
G-55,Subgroup 5,3575,Ly Nguyen
G-55,Subgroup 6,3572,Kieran Villanueva
G-55,Subgroup 6,3558,Connor Murphy
G-55,Subgroup 6,3597,Yuri Salazar
G-55,Subgroup 6,3574,Lucas Cox
G-55,Subgroup 6,3564,Faris Aji
G-55,Subgroup 7,3573,Kye Wu
G-55,Subgroup 7,3590,Tobias Wu
G-55,Subgroup 7,3577,Maya Chang
G-55,Subgroup 7,3563,Ella Robinson
G-55,Subgroup 7,3556,Brenda Li
G-55,Subgroup 8,3581,Owen Chen
G-55,Subgroup 8,3550,Alina Yeo
G-55,Subgroup 8,3554,Ava Chen
G-55,Subgroup 8,3567,Grace Rogers
G-55,Subgroup 8,3552,Ashok Pillai
G-55,Subgroup 9,3551,Anjali Mehta
G-55,Subgroup 9,3579,Nadia Rehman
G-55,Subgroup 9,3586,Sushmita Das
G-55,Subgroup 9,3562,Dylan Ong
G-55,Subgroup 9,3566,Gavin Kim
G-55,Subgroup 10,3580,Nguyen Thanh Tam
G-55,Subgroup 10,3599,Zain Tran
G-55,Subgroup 10,3589,Thomas Wu
G-55,Subgroup 10,3583,Ray Tan
G-55,Subgroup 10,3569,Harlan Wu
G-56,Subgroup 1,3605,Bushra Ali
G-56,Subgroup 1,3630,Maya Wong
G-56,Subgroup 1,3602,Ashley Castillo
G-56,Subgroup 1,3644,Wei Lin
G-56,Subgroup 1,3643,Ulysses Wong
G-56,Subgroup 2,3610,Diana Wong
G-56,Subgroup 2,3634,Nguyen Thi An
G-56,Subgroup 2,3633,Natalie Ong
G-56,Subgroup 2,3606,Cyrus Liu
G-56,Subgroup 2,3607,Daniel Taylor
G-56,Subgroup 3,3611,Elsie Ward
G-56,Subgroup 3,3646,Yasmine Price
G-56,Subgroup 3,3601,Ananya Bansal
G-56,Subgroup 3,3641,Sami Al-Mansoori
G-56,Subgroup 3,3616,Floyd Mendoza
G-56,Subgroup 4,3624,Karla Mendoza
G-56,Subgroup 4,3600,Aishwarya Rao
G-56,Subgroup 4,3632,Nafisa Iqbal
G-56,Subgroup 4,3619,James Turner
G-56,Subgroup 4,3618,Jackson Cruz
G-56,Subgroup 5,3625,Keira Tan
G-56,Subgroup 5,3604,Becky Adams
G-56,Subgroup 5,3638,Qinwen
G-56,Subgroup 5,3626,Krishna Kumar
G-56,Subgroup 5,3623,Kael Huang
G-56,Subgroup 6,3628,Lai Thi Ngan
G-56,Subgroup 6,3603,Aubrey Sanchez
G-56,Subgroup 6,3648,Yuki Tan
G-56,Subgroup 6,3621,Jasper Green
G-56,Subgroup 6,3608,Darren Yeo
G-56,Subgroup 7,3612,Fay Wong
G-56,Subgroup 7,3620,Jasmine Lee
G-56,Subgroup 7,3629,Lydia Young
G-56,Subgroup 7,3617,Jackson Carter
G-56,Subgroup 7,3642,Seng Hua Lim
G-56,Subgroup 8,3613,Fengyi
G-56,Subgroup 8,3635,Nguyen Thi Trang
G-56,Subgroup 8,3631,Mei Xuan Lim
G-56,Subgroup 8,3649,Yun Chen
G-56,Subgroup 8,3647,Yong Chen
G-56,Subgroup 9,3627,Kylie Hughes
G-56,Subgroup 9,3636,Nora Simmons
G-56,Subgroup 9,3639,Riya Iyer
G-56,Subgroup 9,3609,Derek Wong
G-56,Subgroup 9,3614,Finn Tan
G-56,Subgroup 10,3645,Wen Lee Tan
G-56,Subgroup 10,3637,Olivia Bell
G-56,Subgroup 10,3615,Florence Ong
G-56,Subgroup 10,3640,Rizal Bin Ibrahim
G-56,Subgroup 10,3622,Jing Lin Tan
G-57,Subgroup 1,3653,Asha Kakade
G-57,Subgroup 1,3683,Pooja Reddy
G-57,Subgroup 1,3688,Riya Nair
G-57,Subgroup 1,3686,Riku Yamamoto
G-57,Subgroup 1,3698,William Stewart
G-57,Subgroup 2,3661,Hannah Lee
G-57,Subgroup 2,3662,Harper Robinson
G-57,Subgroup 2,3655,Charlotte Chang
G-57,Subgroup 2,3666,Jaxon Hall
G-57,Subgroup 2,3694,Soren Liu
G-57,Subgroup 3,3667,Jenna Tan
G-57,Subgroup 3,3672,Li Ming
G-57,Subgroup 3,3677,Maya Bansal
G-57,Subgroup 3,3681,Noah Murphy
G-57,Subgroup 3,3654,Ashok Reddy
G-57,Subgroup 4,3680,Nina Zhang
G-57,Subgroup 4,3673,Liang Wei Tan
G-57,Subgroup 4,3658,Fatimah Omar
G-57,Subgroup 4,3695,Theo Santos
G-57,Subgroup 4,3664,Irfan Bin Zain
G-57,Subgroup 5,3670,Kaylee Turner
G-57,Subgroup 5,3675,Lola Wu
G-57,Subgroup 5,3690,Sadia Javed
G-57,Subgroup 5,3657,Ethan Smith
G-57,Subgroup 5,3671,Leo Santos
G-57,Subgroup 6,3692,Sofia Ng
G-57,Subgroup 6,3651,Aiko Yoshida
G-57,Subgroup 6,3674,Lina Zhou
G-57,Subgroup 6,3660,Grayson Lee
G-57,Subgroup 6,3668,Jin Zhi Lim
G-57,Subgroup 7,3650,Addison Cooper
G-57,Subgroup 7,3687,Ritika Das
G-57,Subgroup 7,3665,Isha Kapoor
G-57,Subgroup 7,3676,Matthew Perez
G-57,Subgroup 7,3696,Tobias Li
G-57,Subgroup 8,3656,Elena Mikhailovna
G-57,Subgroup 8,3691,Savannah Thompson
G-57,Subgroup 8,3685,Rhea Kaur
G-57,Subgroup 8,3669,Jude Ong
G-57,Subgroup 8,3699,Yuri Viktorov
G-57,Subgroup 9,3693,Soo-Yeon Park
G-57,Subgroup 9,3678,Meher Noor
G-57,Subgroup 9,3652,Ananya Das
G-57,Subgroup 9,3682,Oliver Wu
G-57,Subgroup 9,3663,Harsh Patel
G-57,Subgroup 10,3679,Nina Ali
G-57,Subgroup 10,3659,Grace Bell
G-57,Subgroup 10,3684,Rajesh Sharma
G-57,Subgroup 10,3689,Saad Khan
G-57,Subgroup 10,3697,Vivek Iyer
G-58,Subgroup 1,3725,Maya Bennett
G-58,Subgroup 1,3740,Shalini Reddy
G-58,Subgroup 1,3737,Sari Ningsih
G-58,Subgroup 1,3736,Sami Khan
G-58,Subgroup 1,3739,Scott Santos
G-58,Subgroup 2,3741,Shanaya Chan
G-58,Subgroup 2,3712,Erica Lim
G-58,Subgroup 2,3710,Ellie Sanchez
G-58,Subgroup 2,3706,Chase Rivera
G-58,Subgroup 2,3742,Simon Tan
G-58,Subgroup 3,3713,Grace Tan
G-58,Subgroup 3,3745,Tina Yeo
G-58,Subgroup 3,3705,Charlotte Zhang
G-58,Subgroup 3,3714,Graham Tsang
G-58,Subgroup 3,3720,Kiran Desai
G-58,Subgroup 4,3715,Haarika Reddy
G-58,Subgroup 4,3746,Uma Parker
G-58,Subgroup 4,3730,Reina Fujimoto
G-58,Subgroup 4,3733,Ryan Zhao
G-58,Subgroup 4,3729,Owais Tariq
G-58,Subgroup 5,3735,Sable Lin
G-58,Subgroup 5,3718,Kavya Iyer
G-58,Subgroup 5,3748,Yasmin Tan
G-58,Subgroup 5,3719,Kien Tran
G-58,Subgroup 5,3724,Matthew Thompson
G-58,Subgroup 6,3703,Amina Khan
G-58,Subgroup 6,3700,Abigail Rodriguez
G-58,Subgroup 6,3722,Lumina Tsai
G-58,Subgroup 6,3723,Malcolm Yang
G-58,Subgroup 6,3707,Chen Li
G-58,Subgroup 7,3716,Indah Tanjung
G-58,Subgroup 7,3702,Amani Yusof
G-58,Subgroup 7,3734,Saanvi Sharma
G-58,Subgroup 7,3744,Timothy Reed
G-58,Subgroup 7,3709,Eli Martinez
G-58,Subgroup 8,3726,Maya Khan
G-58,Subgroup 8,3711,Emily Davis
G-58,Subgroup 8,3721,Lara Smith
G-58,Subgroup 8,3704,Binh Nguyen
G-58,Subgroup 8,3732,Rohit Sharma
G-58,Subgroup 9,3727,Meera Choudhury
G-58,Subgroup 9,3738,Sarita Sharma
G-58,Subgroup 9,3747,Wei Li
G-58,Subgroup 9,3743,Soren Liu
G-58,Subgroup 9,3731,Riyaz Khan
G-58,Subgroup 10,3728,Mei Hwa
G-58,Subgroup 10,3749,Yvette Chan
G-58,Subgroup 10,3717,Jayden Turner
G-58,Subgroup 10,3701,Alvin Tan
G-58,Subgroup 10,3708,Daniel Green
G-59,Subgroup 1,3763,Fiona Chang
G-59,Subgroup 1,3776,Lily Huang
G-59,Subgroup 1,3766,Hina Malik
G-59,Subgroup 1,3771,Jeremiah Green
G-59,Subgroup 1,3797,Zane Patel
G-59,Subgroup 2,3787,Safira Binti Aziz
G-59,Subgroup 2,3758,Daisy Cheung
G-59,Subgroup 2,3775,Lexi Zhao
G-59,Subgroup 2,3779,Milo Cruz
G-59,Subgroup 2,3770,Jasper Ortiz
G-59,Subgroup 3,3789,Sara Yong
G-59,Subgroup 3,3768,Hui Ling
G-59,Subgroup 3,3794,Xiang Li
G-59,Subgroup 3,3764,Gunnar Yang
G-59,Subgroup 3,3799,Zhou Chen
G-59,Subgroup 4,3795,Ximena Li
G-59,Subgroup 4,3783,Nia Tsai
G-59,Subgroup 4,3773,Kira Shimizu
G-59,Subgroup 4,3788,Sandeep Singh
G-59,Subgroup 4,3772,Kang-Soo Lee
G-59,Subgroup 5,3777,Madison Murphy
G-59,Subgroup 5,3793,Valentina Mikhailova
G-59,Subgroup 5,3751,Addison Clarke
G-59,Subgroup 5,3786,Rizqi Bin Farhan
G-59,Subgroup 5,3778,Miles Lim
G-59,Subgroup 6,3791,Stella James
G-59,Subgroup 6,3790,Sofia Yang
G-59,Subgroup 6,3765,Hannah Green
G-59,Subgroup 6,3762,Eli Carter
G-59,Subgroup 6,3796,Zachary Zhang
G-59,Subgroup 7,3753,Alyssa Scott
G-59,Subgroup 7,3761,Eka Ramadhan
G-59,Subgroup 7,3798,Zhao Chen
G-59,Subgroup 7,3760,Derek Scott
G-59,Subgroup 7,3792,Tyler Johnson
G-59,Subgroup 8,3782,Nguyen Thi Mai
G-59,Subgroup 8,3784,Opal Wang
G-59,Subgroup 8,3769,Ivy Thompson
G-59,Subgroup 8,3780,Naim Bin Mohamad
G-59,Subgroup 8,3781,Nasir Ali
G-59,Subgroup 9,3755,Bella Brooks
G-59,Subgroup 9,3752,Alya Binti Rahim
G-59,Subgroup 9,3774,Laras Wati
G-59,Subgroup 9,3750,Aaron Wu
G-59,Subgroup 9,3754,Axel Liu
G-59,Subgroup 10,3767,Holly Cheung
G-59,Subgroup 10,3757,Chloe Evans
G-59,Subgroup 10,3759,Dedy Kurniawan
G-59,Subgroup 10,3785,Rishi Sharma
G-59,Subgroup 10,3756,Brayden Young
G-6,Subgroup 1,3831,Meera Rao
G-6,Subgroup 1,3812,Diana Ng
G-6,Subgroup 1,3841,Sarah Robinson
G-6,Subgroup 1,3817,Gabriel Howard
G-6,Subgroup 1,3849,Yuri Lebedev
G-6,Subgroup 2,3838,Rhea Tan
G-6,Subgroup 2,3821,Isha Patel
G-6,Subgroup 2,3822,Jade Wibowo
G-6,Subgroup 2,3824,Khalid Bin Mohd
G-6,Subgroup 2,3816,Emilio Cruz
G-6,Subgroup 3,3845,Vicky Tan
G-6,Subgroup 3,3827,Lianhua
G-6,Subgroup 3,3832,Mira Zhao
G-6,Subgroup 3,3826,Li Wei Tan
G-6,Subgroup 3,3823,Kendall Yang
G-6,Subgroup 4,3848,Yuki Hoshino
G-6,Subgroup 4,3833,Miranda Chang
G-6,Subgroup 4,3801,Abigail Nelson
G-6,Subgroup 4,3846,Wei Chen
G-6,Subgroup 4,3820,Henry Ramirez
G-6,Subgroup 5,3844,Umi Lestari
G-6,Subgroup 5,3803,Angela Zhou
G-6,Subgroup 5,3830,Maya Brown
G-6,Subgroup 5,3808,Brayden Lewis
G-6,Subgroup 5,3836,Rajesh Iyer
G-6,Subgroup 6,3800,Aadhya Patel
G-6,Subgroup 6,3828,Lily Zhao
G-6,Subgroup 6,3804,Anum Malik
G-6,Subgroup 6,3814,Elijah Huang
G-6,Subgroup 6,3825,Kian Wei Lim
G-6,Subgroup 7,3802,Alyssa Wong
G-6,Subgroup 7,3829,Madison Clark
G-6,Subgroup 7,3834,Pauline Fung
G-6,Subgroup 7,3837,Ranjit Singh
G-6,Subgroup 7,3840,Ryo Tanaka
G-6,Subgroup 8,3811,Clara Tan
G-6,Subgroup 8,3806,Aubrey Carter
G-6,Subgroup 8,3847,Yasmine Tan
G-6,Subgroup 8,3843,Suresh Nair
G-6,Subgroup 8,3805,Asher Edwards
G-6,Subgroup 9,3842,Siti Mariam
G-6,Subgroup 9,3818,Hannah Binti Ahmad
G-6,Subgroup 9,3810,Claire Ng
G-6,Subgroup 9,3815,Elliot Wong
G-6,Subgroup 9,3809,Cameron Yang
G-6,Subgroup 10,3819,Harper Hall
G-6,Subgroup 10,3839,Riya Singh
G-6,Subgroup 10,3835,Puja Nair
G-6,Subgroup 10,3807,Brady Yang
G-6,Subgroup 10,3813,Dylan Ong
G-60,Subgroup 1,3878,Nina Binti Omar
G-60,Subgroup 1,3898,Zhong Wei
G-60,Subgroup 1,3851,Alexander Cox
G-60,Subgroup 1,3861,Fern Lim
G-60,Subgroup 1,3863,Haoran Wang
G-60,Subgroup 2,3888,Ritika Iyer
G-60,Subgroup 2,3853,Arjun Kumar
G-60,Subgroup 2,3855,Carl Lee
G-60,Subgroup 2,3891,Tamara Tan
G-60,Subgroup 2,3890,Sung-Jin Kim
G-60,Subgroup 3,3856,Cassidy Kim
G-60,Subgroup 3,3865,Isaac Rodriguez
G-60,Subgroup 3,3859,Elina Binti Mohd
G-60,Subgroup 3,3867,Juna Wang
G-60,Subgroup 3,3860,Eva Lee
G-60,Subgroup 4,3877,Nandita Roy
G-60,Subgroup 4,3868,Keng Jie Tan
G-60,Subgroup 4,3864,Heidi Tan
G-60,Subgroup 4,3854,Boris Villanueva
G-60,Subgroup 4,3886,Ren Tan
G-60,Subgroup 5,3885,Puti Rahayu
G-60,Subgroup 5,3857,Chloe Huang
G-60,Subgroup 5,3899,Zhou Min
G-60,Subgroup 5,3896,Yvette Santos
G-60,Subgroup 5,3870,Leonardus Budi
G-60,Subgroup 6,3889,Sophia Tan
G-60,Subgroup 6,3871,Liam Reyes
G-60,Subgroup 6,3872,Liang Chen
G-60,Subgroup 6,3873,Lina Chen
G-60,Subgroup 6,3862,Gage Yang
G-60,Subgroup 7,3879,Noel Wu
G-60,Subgroup 7,3897,Zachary Chen
G-60,Subgroup 7,3852,Aria Liu
G-60,Subgroup 7,3850,Aaron Hall
G-60,Subgroup 7,3883,Pablo Reyes
G-60,Subgroup 8,3882,Owen Wright
G-60,Subgroup 8,3881,Omer Qureshi
G-60,Subgroup 8,3884,Pooja Bhatia
G-60,Subgroup 8,3887,Rina Matsui
G-60,Subgroup 8,3874,Linda Chen
G-60,Subgroup 9,3892,Umair Shah
G-60,Subgroup 9,3858,Diana Lewis
G-60,Subgroup 9,3893,Vanessa Cabral
G-60,Subgroup 9,3869,Kiara Chen
G-60,Subgroup 9,3880,Nora Jenkins
G-60,Subgroup 10,3894,Wang Li
G-60,Subgroup 10,3876,Nadia Binti Jamil
G-60,Subgroup 10,3866,Isabella Torres
G-60,Subgroup 10,3895,Yoshiko Sakamoto
G-60,Subgroup 10,3875,Lucas Thompson
G-61,Subgroup 1,3911,Gita Tan
G-61,Subgroup 1,3928,Mikayla Murphy
G-61,Subgroup 1,3917,Isabella Martinez
G-61,Subgroup 1,3933,Quang Tran
G-61,Subgroup 1,3931,Parker Li
G-61,Subgroup 2,3940,Sophia Patel
G-61,Subgroup 2,3941,Sushma Rao
G-61,Subgroup 2,3909,Ella Garcia
G-61,Subgroup 2,3944,Tristan Harris
G-61,Subgroup 2,3934,Quang Tran
G-61,Subgroup 3,3903,Bunga Sari
G-61,Subgroup 3,3904,Cathy Liu
G-61,Subgroup 3,3947,Yasmin Naeem
G-61,Subgroup 3,3908,Elijah Murphy
G-61,Subgroup 3,3913,Harsh Sharma
G-61,Subgroup 4,3910,Erqi
G-61,Subgroup 4,3907,Dewi Tan
G-61,Subgroup 4,3905,Chloe Martinez
G-61,Subgroup 4,3946,Wilfredo Salazar
G-61,Subgroup 4,3930,Pandu Rahmat
G-61,Subgroup 5,3914,Hazel Goh
G-61,Subgroup 5,3937,Sana Javed
G-61,Subgroup 5,3942,Tanya Nair
G-61,Subgroup 5,3919,James Thompson
G-61,Subgroup 5,3943,Teddy Kurniawan
G-61,Subgroup 6,3945,Vanessa Lim
G-61,Subgroup 6,3929,Miyuki Ikeda
G-61,Subgroup 6,3939,Siti Aisha
G-61,Subgroup 6,3935,Quincy Li
G-61,Subgroup 6,3922,Karan Joshi
G-61,Subgroup 7,3912,Hannah Patel
G-61,Subgroup 7,3938,Shafina Binti Ahmad
G-61,Subgroup 7,3915,Hui Ying
G-61,Subgroup 7,3932,Paul Allen
G-61,Subgroup 7,3920,Jayden Chen
G-61,Subgroup 8,3900,Aifen
G-61,Subgroup 8,3949,Zhenyu
G-61,Subgroup 8,3936,Samantha Ramos
G-61,Subgroup 8,3921,Jun Chen
G-61,Subgroup 8,3925,Kumar Sundaram
G-61,Subgroup 9,3901,Aina Binti Zain
G-61,Subgroup 9,3927,Marta Sihombing
G-61,Subgroup 9,3906,Cleo Tan
G-61,Subgroup 9,3924,Kazuki Watanabe
G-61,Subgroup 9,3923,Karan Kapoor
G-61,Subgroup 10,3926,Leila Wong
G-61,Subgroup 10,3902,Ananya Kapoor
G-61,Subgroup 10,3916,Isaac Martinez
G-61,Subgroup 10,3948,Zhang Ming
G-61,Subgroup 10,3918,Jacob Yang
G-62,Subgroup 1,3953,Ava Allen
G-62,Subgroup 1,3986,Saanvi Gupta
G-62,Subgroup 1,3982,Oliver Lim
G-62,Subgroup 1,3997,Zainab Binti Jamal
G-62,Subgroup 1,3979,Nia Lee
G-62,Subgroup 2,3974,Maya Binti Rahman
G-62,Subgroup 2,3995,Xena Nelson
G-62,Subgroup 2,3956,Christian Liu
G-62,Subgroup 2,3981,Nishant Kapoor
G-62,Subgroup 2,3984,Pooja Agarwal
G-62,Subgroup 3,3976,Mira Tan
G-62,Subgroup 3,3951,Anya Wong
G-62,Subgroup 3,3966,Jack Nelson
G-62,Subgroup 3,3975,Miho Sato
G-62,Subgroup 3,3958,Ethan Martinez
G-62,Subgroup 4,3955,Carter Edwards
G-62,Subgroup 4,3972,Karishma Shah
G-62,Subgroup 4,3969,Kaden White
G-62,Subgroup 4,3967,Jasmine Lim
G-62,Subgroup 4,3993,Tyler Adams
G-62,Subgroup 5,3959,George So
G-62,Subgroup 5,3950,Andrei Sokolov
G-62,Subgroup 5,3998,Zeke Yang
G-62,Subgroup 5,3961,Harrison Torres
G-62,Subgroup 5,3977,Miranda Wu
G-62,Subgroup 6,3991,Sultan Bin Rahman
G-62,Subgroup 6,3962,Harvey Wu
G-62,Subgroup 6,3960,Hannah Rodriguez
G-62,Subgroup 6,3990,Shalina Lee
G-62,Subgroup 6,3987,Saanvi Iyer
G-62,Subgroup 7,3965,Hunter Carter
G-62,Subgroup 7,3992,Tariq Iqbal
G-62,Subgroup 7,3968,Jaxon Wood
G-62,Subgroup 7,3999,Zhihao
G-62,Subgroup 7,3957,Clara Murphy
G-62,Subgroup 8,3970,Kamal Ahmed
G-62,Subgroup 8,3973,Lenora Chang
G-62,Subgroup 8,3954,Carter Brown
G-62,Subgroup 8,3978,Nate Chan
G-62,Subgroup 8,3952,Aria Nair
G-62,Subgroup 9,3994,Usman Rehman
G-62,Subgroup 9,3963,Hazel Chen
G-62,Subgroup 9,3983,Owais Hussain
G-62,Subgroup 9,3989,Sebastian Mitchell
G-62,Subgroup 9,3980,Nikolai Alvarado
G-62,Subgroup 10,3971,Kangming
G-62,Subgroup 10,3996,Yumiko Takeda
G-62,Subgroup 10,3988,Savannah Chen
G-62,Subgroup 10,3964,Hiroki Fujimoto
G-62,Subgroup 10,3985,Rashmika Jain
G-63,Subgroup 1,4000,Aasiyah Khan
G-63,Subgroup 1,4034,Nina Kelly
G-63,Subgroup 1,4031,Neelam Singh
G-63,Subgroup 1,4043,Sung-Jo Lee
G-63,Subgroup 1,4019,Jacob Lin
G-63,Subgroup 2,4022,Laila Binti Rahim
G-63,Subgroup 2,4014,Ethan Wong
G-63,Subgroup 2,4046,Wenyi
G-63,Subgroup 2,4044,Tomoko Sato
G-63,Subgroup 2,4017,Hikaru Sato
G-63,Subgroup 3,4041,Sophia Scott
G-63,Subgroup 3,4027,Mason Reed
G-63,Subgroup 3,4030,Nathan Lee
G-63,Subgroup 3,4024,Leila Tan
G-63,Subgroup 3,4048,Zhou Li
G-63,Subgroup 4,4010,Dingming
G-63,Subgroup 4,4047,Zachary Young
G-63,Subgroup 4,4008,Devika Nair
G-63,Subgroup 4,4039,Shahbaz Malik
G-63,Subgroup 4,4004,Chandni Sethi
G-63,Subgroup 5,4012,Emma Li
G-63,Subgroup 5,4003,Benedict Cruz
G-63,Subgroup 5,4018,Isaiah Patel
G-63,Subgroup 5,4028,Megan Wright
G-63,Subgroup 5,4033,Nikolai Semyonov
G-63,Subgroup 6,4005,Chao Wang
G-63,Subgroup 6,4001,Anjali Bhatia
G-63,Subgroup 6,4037,Rhett Chen
G-63,Subgroup 6,4049,Zhou Min
G-63,Subgroup 6,4016,Glenn Lim
G-63,Subgroup 7,4020,Jett Li
G-63,Subgroup 7,4032,Nikita Patel
G-63,Subgroup 7,4045,Vishnu Rao
G-63,Subgroup 7,4026,Lina Wong
G-63,Subgroup 7,4009,Dimas Santoso
G-63,Subgroup 8,4029,Naresh Kumar
G-63,Subgroup 8,4011,Elvin Wong
G-63,Subgroup 8,4040,Sita Rahman
G-63,Subgroup 8,4013,Ethan Johnson
G-63,Subgroup 8,4006,Chloe Tam
G-63,Subgroup 9,4002,Ariana Liu
G-63,Subgroup 9,4036,Rei Takahashi
G-63,Subgroup 9,4007,Demi Lee
G-63,Subgroup 9,4038,Saqib Khan
G-63,Subgroup 9,4015,Feng Qian
G-63,Subgroup 10,4021,Kiran Khanna
G-63,Subgroup 10,4025,Lily Carter
G-63,Subgroup 10,4023,Le Minh Tuan
G-63,Subgroup 10,4042,Sung-Jin Lee
G-63,Subgroup 10,4035,Qiming
G-64,Subgroup 1,4071,Hiroki Tanaka
G-64,Subgroup 1,4056,Chen Yi
G-64,Subgroup 1,4077,Khairul Bin Ali
G-64,Subgroup 1,4051,Ava Li
G-64,Subgroup 1,4067,Evelyn Collins
G-64,Subgroup 2,4074,Kain Yang
G-64,Subgroup 2,4093,Syahrul Bin Mohd
G-64,Subgroup 2,4080,Leo Xu
G-64,Subgroup 2,4086,Ranya Ibrahim
G-64,Subgroup 2,4050,Andrei Konstantinov
G-64,Subgroup 3,4098,Zane Wu
G-64,Subgroup 3,4066,Ethan Moore
G-64,Subgroup 3,4052,Bethany Wang
G-64,Subgroup 3,4063,Dong-Soo Lee
G-64,Subgroup 3,4053,Bobby Yip
G-64,Subgroup 4,4082,Logan Rivera
G-64,Subgroup 4,4085,Ningqi
G-64,Subgroup 4,4091,Scarlett Young
G-64,Subgroup 4,4068,Faisal Naeem
G-64,Subgroup 4,4092,Simran Bhatia
G-64,Subgroup 5,4087,Ravi Yadav
G-64,Subgroup 5,4099,Zara Dwi
G-64,Subgroup 5,4057,Cherie Wong
G-64,Subgroup 5,4081,Lina Rahmawati
G-64,Subgroup 5,4076,Kenneth Tan
G-64,Subgroup 6,4097,Xiaoling Zhou
G-64,Subgroup 6,4072,Hoa Tran
G-64,Subgroup 6,4079,Leila Dela Cruz
G-64,Subgroup 6,4060,Daniel Robinson
G-64,Subgroup 6,4083,Mira Binti Bakar
G-64,Subgroup 7,4062,Dina Sari
G-64,Subgroup 7,4064,Elias Bennett
G-64,Subgroup 7,4096,Uy Nguyen
G-64,Subgroup 7,4069,Farooq Khan
G-64,Subgroup 7,4073,Jacob Bennett
G-64,Subgroup 8,4078,Layla Khan
G-64,Subgroup 8,4070,Gage Wright
G-64,Subgroup 8,4084,Mi-Ra Kim
G-64,Subgroup 8,4065,Emily Thompson
G-64,Subgroup 8,4095,Tyler Price
G-64,Subgroup 9,4088,Renee Tan
G-64,Subgroup 9,4089,Sandi Prasetyo
G-64,Subgroup 9,4059,Daniel Green
G-64,Subgroup 9,4075,Kamran Shah
G-64,Subgroup 9,4094,Talia Chen
G-64,Subgroup 10,4090,Sara Martin
G-64,Subgroup 10,4061,Diana Tan
G-64,Subgroup 10,4054,Brendan Reyes
G-64,Subgroup 10,4058,Chloe Lim
G-64,Subgroup 10,4055,Chaya Desai
G-65,Subgroup 1,4105,Asad Bukhari
G-65,Subgroup 1,4102,Alice Wall
G-65,Subgroup 1,4128,Nandini Rao
G-65,Subgroup 1,4133,Orion Setiawan
G-65,Subgroup 1,4134,Owen Chan
G-65,Subgroup 2,4130,Naya Tan
G-65,Subgroup 2,4104,Aria Carter
G-65,Subgroup 2,4138,Shivani Tan
G-65,Subgroup 2,4122,Kevin Patel
G-65,Subgroup 2,4143,Toni Susanto
G-65,Subgroup 3,4101,Akiko Matsuda
G-65,Subgroup 3,4144,Vivi Anggraini
G-65,Subgroup 3,4136,Prisha Ong
G-65,Subgroup 3,4113,Harith Bin Rahman
G-65,Subgroup 3,4100,Adam Cooper
G-65,Subgroup 4,4110,Elle Li
G-65,Subgroup 4,4126,Mira Binti Ali
G-65,Subgroup 4,4147,Xena Santos
G-65,Subgroup 4,4111,Evan Lewis
G-65,Subgroup 4,4145,William Yang
G-65,Subgroup 5,4116,Isabel Wong
G-65,Subgroup 5,4140,Sophie Wright
G-65,Subgroup 5,4131,Nguyen Van Thanh
G-65,Subgroup 5,4115,Ilya Semyonov
G-65,Subgroup 5,4146,Wyatt Thompson
G-65,Subgroup 6,4129,Naomi Cheung
G-65,Subgroup 6,4127,Nadine Lee
G-65,Subgroup 6,4109,Elena Chua
G-65,Subgroup 6,4117,Izzat Bin Mohd
G-65,Subgroup 6,4120,Joshua Wang
G-65,Subgroup 7,4108,Diana Yeo
G-65,Subgroup 7,4139,Sonia Ong
G-65,Subgroup 7,4112,Grace Yang
G-65,Subgroup 7,4107,David Smith
G-65,Subgroup 7,4123,Khanh Le
G-65,Subgroup 8,4132,Nikita Sinha
G-65,Subgroup 8,4135,Phuc Tran
G-65,Subgroup 8,4125,Leila Iyer
G-65,Subgroup 8,4137,Ravi Kiran
G-65,Subgroup 8,4148,Yuuta Nakamura
G-65,Subgroup 9,4103,Areeba Noor
G-65,Subgroup 9,4141,Sushmita Sharma
G-65,Subgroup 9,4119,Jing Chen
G-65,Subgroup 9,4118,Jin Wei Tan
G-65,Subgroup 9,4106,Benjamin Hernandez
G-65,Subgroup 10,4142,Tanisha Desai
G-65,Subgroup 10,4114,Ika Binti Zain
G-65,Subgroup 10,4121,Kai Zhang
G-65,Subgroup 10,4124,Kiran Malhotra
G-65,Subgroup 10,4149,Zheng Rui
G-66,Subgroup 1,4152,Andrew Phillips
G-66,Subgroup 1,4170,Jing Mei
G-66,Subgroup 1,4193,Yale Cruz
G-66,Subgroup 1,4162,Ella Tsai
G-66,Subgroup 1,4175,Kong Ming
G-66,Subgroup 2,4188,Tao Ming
G-66,Subgroup 2,4164,Fiona Tsai
G-66,Subgroup 2,4199,Zoe Yip
G-66,Subgroup 2,4179,Nisha Joshi
G-66,Subgroup 2,4186,Samit Kumar
G-66,Subgroup 3,4150,Aarav Patil
G-66,Subgroup 3,4177,Lina Yeo
G-66,Subgroup 3,4151,Alvin Lee
G-66,Subgroup 3,4154,Caiyun
G-66,Subgroup 3,4166,In-Ho Kim
G-66,Subgroup 4,4165,Hannah Wu
G-66,Subgroup 4,4178,Maya Lopez
G-66,Subgroup 4,4156,Carlos Martinez
G-66,Subgroup 4,4171,Joseph Lee
G-66,Subgroup 4,4169,Jason Martin
G-66,Subgroup 5,4181,Pallavi Joshi
G-66,Subgroup 5,4184,Sabrina Lin
G-66,Subgroup 5,4196,Zheng Hao Tan
G-66,Subgroup 5,4161,Dustin Chen
G-66,Subgroup 5,4197,Zhihao
G-66,Subgroup 6,4182,Rhea Iyer
G-66,Subgroup 6,4195,Yuki Yamamoto
G-66,Subgroup 6,4173,Kajal Kaur
G-66,Subgroup 6,4157,Chloe Ong
G-66,Subgroup 6,4174,Khalifah Binti Abd
G-66,Subgroup 7,4183,Ritika Suresh
G-66,Subgroup 7,4153,Arjun Mehta
G-66,Subgroup 7,4198,Zhihao
G-66,Subgroup 7,4163,Ellie Russell
G-66,Subgroup 7,4176,Lachlan Zhao
G-66,Subgroup 8,4185,Saira Khan
G-66,Subgroup 8,4160,Devon Tan
G-66,Subgroup 8,4189,Tina Lim
G-66,Subgroup 8,4155,Cameron Hall
G-66,Subgroup 8,4172,Kaira Ong
G-66,Subgroup 9,4191,Violet Tsai
G-66,Subgroup 9,4167,James Li
G-66,Subgroup 9,4168,Jasmine Ali
G-66,Subgroup 9,4190,Vera Lim
G-66,Subgroup 9,4158,Clara Lim
G-66,Subgroup 10,4192,Xiu Chen
G-66,Subgroup 10,4180,Oliver Thomas
G-66,Subgroup 10,4194,Ying Yue
G-66,Subgroup 10,4159,Daniel Kim
G-66,Subgroup 10,4187,Syed Bilal Bin Rahman
G-67,Subgroup 1,4205,Ava Chan
G-67,Subgroup 1,4203,Anastasia Smirnova
G-67,Subgroup 1,4228,Natsumi Yamamoto
G-67,Subgroup 1,4220,Jett Brown
G-67,Subgroup 1,4225,Leo Huang
G-67,Subgroup 2,4200,Addison Bell
G-67,Subgroup 2,4243,Umme Aiman
G-67,Subgroup 2,4208,Cynthia Lee
G-67,Subgroup 2,4202,Alexander Adams
G-67,Subgroup 2,4234,Peishan
G-67,Subgroup 3,4223,Kah Ying
G-67,Subgroup 3,4231,Olivia Lee
G-67,Subgroup 3,4242,Umara Rahmadani
G-67,Subgroup 3,4222,Justin Li
G-67,Subgroup 3,4201,Akira Matsuda
G-67,Subgroup 4,4224,Kieu Nguyen
G-67,Subgroup 4,4204,Aria Wu
G-67,Subgroup 4,4227,Lila Young
G-67,Subgroup 4,4229,Oliver Huang
G-67,Subgroup 4,4212,Eli Chen
G-67,Subgroup 5,4226,Lian Huang
G-67,Subgroup 5,4241,Sanya Maheshwari
G-67,Subgroup 5,4238,Rina Lestari
G-67,Subgroup 5,4239,Sameer Khan
G-67,Subgroup 5,4214,Ethan Taylor
G-67,Subgroup 6,4240,Sanya Gupta
G-67,Subgroup 6,4216,Isabella Hernandez
G-67,Subgroup 6,4248,Zara Santos
G-67,Subgroup 6,4246,Yuki Takahashi
G-67,Subgroup 6,4247,Zane Lee
G-67,Subgroup 7,4244,Vika Rahmadani
G-67,Subgroup 7,4206,Ayesha Malik
G-67,Subgroup 7,4218,Jaya Singh
G-67,Subgroup 7,4209,Dev Raj
G-67,Subgroup 7,4211,Dylan Liu
G-67,Subgroup 8,4210,Disha Nair
G-67,Subgroup 8,4217,Janelle Pineda
G-67,Subgroup 8,4249,Zoe Leung
G-67,Subgroup 8,4236,Rahul Gupta
G-67,Subgroup 8,4232,Owen Hall
G-67,Subgroup 9,4235,Peyton Chang
G-67,Subgroup 9,4230,Olivia Kim
G-67,Subgroup 9,4207,Bingli
G-67,Subgroup 9,4233,Paul Chan
G-67,Subgroup 9,4245,Xue Ying
G-67,Subgroup 10,4237,Remy Mendoza
G-67,Subgroup 10,4213,Emery Rice
G-67,Subgroup 10,4219,Jerome Tan
G-67,Subgroup 10,4221,Julian Carter
G-67,Subgroup 10,4215,Hugo Wang
G-68,Subgroup 1,4280,Naomi Ueno
G-68,Subgroup 1,4297,Wenwen
G-68,Subgroup 1,4282,Nina Patel
G-68,Subgroup 1,4264,Jin Le Tan
G-68,Subgroup 1,4287,Samuel Torres
G-68,Subgroup 2,4254,Anika Tan
G-68,Subgroup 2,4290,Song-Joo Lee
G-68,Subgroup 2,4250,Aditi Kapoor
G-68,Subgroup 2,4267,Leo Kelly
G-68,Subgroup 2,4299,Yong Zhang
G-68,Subgroup 3,4257,Fatimah Binti Ali
G-68,Subgroup 3,4294,Ursula Wong
G-68,Subgroup 3,4272,Luna Long
G-68,Subgroup 3,4276,Matthew Hall
G-68,Subgroup 3,4293,Tran Van Dung
G-68,Subgroup 4,4263,Jennifer Tan
G-68,Subgroup 4,4261,Iris Zhao
G-68,Subgroup 4,4286,Sadie Rivera
G-68,Subgroup 4,4292,Tenzin Wangchuk
G-68,Subgroup 4,4262,Jayden Lee
G-68,Subgroup 5,4289,Sanya Malik
G-68,Subgroup 5,4268,Leona Chua
G-68,Subgroup 5,4291,Sophie Turner
G-68,Subgroup 5,4275,Maddox Torres
G-68,Subgroup 5,4252,Ahmad Bin Zakaria
G-68,Subgroup 6,4256,Emma Tsai
G-68,Subgroup 6,4298,Xiuqin
G-68,Subgroup 6,4283,Nora Parker
G-68,Subgroup 6,4251,Adrian Liu
G-68,Subgroup 6,4279,Mohammed Ali
G-68,Subgroup 7,4273,Luna Rivera
G-68,Subgroup 7,4278,Mia Lewis
G-68,Subgroup 7,4296,Vina Herlina
G-68,Subgroup 7,4258,Henry Smith
G-68,Subgroup 7,4281,Nashit Khan
G-68,Subgroup 8,4274,Mabel Wang
G-68,Subgroup 8,4288,Sana Mehta
G-68,Subgroup 8,4271,Lin Chen
G-68,Subgroup 8,4259,Hunter Johnson
G-68,Subgroup 8,4285,Riley Adams
G-68,Subgroup 9,4277,Maya Ramirez
G-68,Subgroup 9,4255,Diya Mathur
G-68,Subgroup 9,4253,Aiden Thompson
G-68,Subgroup 9,4270,Li Jun
G-68,Subgroup 9,4265,Knox Yang
G-68,Subgroup 10,4295,Valerie Tan
G-68,Subgroup 10,4266,Laura Garcia
G-68,Subgroup 10,4260,Hunter Yang
G-68,Subgroup 10,4284,Rahul Mehta
G-68,Subgroup 10,4269,Levi Li
G-69,Subgroup 1,4310,Fiona Binti Wong
G-69,Subgroup 1,4309,Fikri Andika
G-69,Subgroup 1,4326,Katherine Wood
G-69,Subgroup 1,4322,Ji-Hoon Kim
G-69,Subgroup 1,4314,Irfan Bin Zain
G-69,Subgroup 2,4315,Ivy Reyes
G-69,Subgroup 2,4335,Naim Bin Rahim
G-69,Subgroup 2,4328,Kiera Wong
G-69,Subgroup 2,4331,Lucas Wilson
G-69,Subgroup 2,4313,Hina Khan
G-69,Subgroup 3,4311,Gaurav Joshi
G-69,Subgroup 3,4323,Jin Hao
G-69,Subgroup 3,4345,Sofia Hall
G-69,Subgroup 3,4346,Victoria Parker
G-69,Subgroup 3,4329,Libby Tan
G-69,Subgroup 4,4325,Jonas Lee
G-69,Subgroup 4,4340,Ryan Lin
G-69,Subgroup 4,4305,Colin Wong
G-69,Subgroup 4,4347,Xander Lim
G-69,Subgroup 4,4349,Xiangqi
G-69,Subgroup 5,4330,Luca Carter
G-69,Subgroup 5,4301,Amina Binti Noor
G-69,Subgroup 5,4302,Aria Young
G-69,Subgroup 5,4306,Daniel Campbell
G-69,Subgroup 5,4316,Jack Huang
G-69,Subgroup 6,4318,James Anderson
G-69,Subgroup 6,4336,Narin Tan
G-69,Subgroup 6,4320,Jia Tan
G-69,Subgroup 6,4332,Maxine Ong
G-69,Subgroup 6,4300,Aarav Yadav
G-69,Subgroup 7,4341,Sanjay Kapoor
G-69,Subgroup 7,4317,Jackson Mitchell
G-69,Subgroup 7,4337,Ningyue
G-69,Subgroup 7,4333,Mia Wu
G-69,Subgroup 7,4327,Kenta Hashimoto
G-69,Subgroup 8,4303,Cindy Chang
G-69,Subgroup 8,4321,Jian Liu
G-69,Subgroup 8,4324,Jingyi
G-69,Subgroup 8,4334,Milo Liu
G-69,Subgroup 8,4307,Ella Cooper
G-69,Subgroup 9,4304,Clara Tsai
G-69,Subgroup 9,4348,Xiang Yu Tan
G-69,Subgroup 9,4342,Scarlett Bell
G-69,Subgroup 9,4343,Serena Wong
G-69,Subgroup 9,4344,Shakir Bin Ahmad
G-69,Subgroup 10,4339,Nora Binti Zainal
G-69,Subgroup 10,4312,Hina Ali
G-69,Subgroup 10,4319,Jessica Brown
G-69,Subgroup 10,4308,Erhua
G-69,Subgroup 10,4338,Nita Nair
G-7,Subgroup 1,4351,Ahmad bin Ali
G-7,Subgroup 1,4392,Waleed Iqbal
G-7,Subgroup 1,4390,Ursula Scott
G-7,Subgroup 1,4387,Sofia Martinez
G-7,Subgroup 1,4384,Rosa Martinez
G-7,Subgroup 2,4352,Aiden Smith
G-7,Subgroup 2,4385,Shinji Yoshida
G-7,Subgroup 2,4377,Minh Tran
G-7,Subgroup 2,4378,Min-Seok Lee
G-7,Subgroup 2,4354,Andre Green
G-7,Subgroup 3,4355,Anish Bhatia
G-7,Subgroup 3,4350,Addison Yang
G-7,Subgroup 3,4356,Aria Khan
G-7,Subgroup 3,4364,Daniel Robinson
G-7,Subgroup 3,4373,Indriani Wulandari
G-7,Subgroup 4,4371,Hikaru Kuroda
G-7,Subgroup 4,4358,Ayesha Shirin
G-7,Subgroup 4,4368,Evelyn Kelly
G-7,Subgroup 4,4370,Hassan Malik
G-7,Subgroup 4,4398,Yvonne Reyes
G-7,Subgroup 5,4394,Yong Jie
G-7,Subgroup 5,4382,Priscilla Tan
G-7,Subgroup 5,4391,Vera Yip
G-7,Subgroup 5,4374,Isabella Clark
G-7,Subgroup 5,4380,Noah Huang
G-7,Subgroup 6,4359,Bilal Hussain
G-7,Subgroup 6,4353,Aiman Bin Azman
G-7,Subgroup 6,4396,Yuan Yi
G-7,Subgroup 6,4361,Charlie Wong
G-7,Subgroup 6,4395,Yoshinori Yamashita
G-7,Subgroup 7,4375,Isaiah Lee
G-7,Subgroup 7,4369,Harsh Kumar
G-7,Subgroup 7,4386,Siti Aminah
G-7,Subgroup 7,4372,Hunter Powell
G-7,Subgroup 7,4393,Xena Kwan
G-7,Subgroup 8,4376,Matthew Lee
G-7,Subgroup 8,4366,Devika Mehta
G-7,Subgroup 8,4381,Oscar Lim
G-7,Subgroup 8,4362,Cheng Wei
G-7,Subgroup 8,4397,Yun Chen
G-7,Subgroup 9,4399,Zoe Parker
G-7,Subgroup 9,4388,Sofia Patel
G-7,Subgroup 9,4365,Derek Johnson
G-7,Subgroup 9,4363,Daniel Patel
G-7,Subgroup 9,4367,Eli Tan
G-7,Subgroup 10,4360,Bingwen
G-7,Subgroup 10,4389,Soo-Yeon Lee
G-7,Subgroup 10,4357,Ariana Tsai
G-7,Subgroup 10,4379,Neha Joshi
G-7,Subgroup 10,4383,Rita Chan
G-70,Subgroup 1,4404,Amelia Thompson
G-70,Subgroup 1,4414,Ella Rodriguez
G-70,Subgroup 1,4438,Raisha Khanna
G-70,Subgroup 1,4421,Hina Raza
G-70,Subgroup 1,4436,Nguyen Van Tinh
G-70,Subgroup 2,4409,Cary Tan
G-70,Subgroup 2,4440,Renee Wong
G-70,Subgroup 2,4413,Elena Kwan
G-70,Subgroup 2,4411,Dina Farhan
G-70,Subgroup 2,4412,Dylan Collins
G-70,Subgroup 3,4416,Emma Thompson
G-70,Subgroup 3,4401,Aifang
G-70,Subgroup 3,4406,Aria Phillips
G-70,Subgroup 3,4418,Finn Walker
G-70,Subgroup 3,4419,Guangzhen
G-70,Subgroup 4,4405,Anjali Desai
G-70,Subgroup 4,4444,Tina Yung
G-70,Subgroup 4,4415,Emma Thomas
G-70,Subgroup 4,4446,Wayne Tan
G-70,Subgroup 4,4427,Jett Martinez
G-70,Subgroup 5,4443,Sumita Sharma
G-70,Subgroup 5,4425,Jasmine Binti Ali
G-70,Subgroup 5,4442,Saanvi Patel
G-70,Subgroup 5,4448,Zachary Wu
G-70,Subgroup 5,4423,Jack Ng
G-70,Subgroup 6,4430,Katherine Chen
G-70,Subgroup 6,4437,Nimisha Gupta
G-70,Subgroup 6,4424,Jasmine Bhat
G-70,Subgroup 6,4426,Jaxon Kim
G-70,Subgroup 6,4435,Ming Shen
G-70,Subgroup 7,4439,Rashid Khan
G-70,Subgroup 7,4445,Ulyssa Dela Cruz
G-70,Subgroup 7,4433,Kyla Cheung
G-70,Subgroup 7,4417,Finn James
G-70,Subgroup 7,4422,Huang Feng
G-70,Subgroup 8,4449,Zara Chan
G-70,Subgroup 8,4400,Aarvi Gupta
G-70,Subgroup 8,4428,Jing Mei
G-70,Subgroup 8,4407,Beau Dela Cruz
G-70,Subgroup 8,4431,Ken Yamamoto
G-70,Subgroup 9,4402,Aiko Tanaka
G-70,Subgroup 9,4429,Kangtai
G-70,Subgroup 9,4441,Rina Amelia
G-70,Subgroup 9,4410,Dante Lewis
G-70,Subgroup 9,4408,Benjamin Allen
G-70,Subgroup 10,4403,Alice Kwan
G-70,Subgroup 10,4434,Maya Evans
G-70,Subgroup 10,4420,Hafsa Noor
G-70,Subgroup 10,4432,Khalil Bin Ismail
G-70,Subgroup 10,4447,Yasin Shah
G-71,Subgroup 1,4463,Evelyn Yeo
G-71,Subgroup 1,4456,Carmen Lin
G-71,Subgroup 1,4497,Willa Pineda
G-71,Subgroup 1,4469,Jade Tan
G-71,Subgroup 1,4464,Fei Hong Lim
G-71,Subgroup 2,4480,Ming Zhao
G-71,Subgroup 2,4461,Emily Tsai
G-71,Subgroup 2,4478,Mia Garcia
G-71,Subgroup 2,4496,Vivek Nair
G-71,Subgroup 2,4498,Zain Bin Ali
G-71,Subgroup 3,4492,Soo-Yeon Kim
G-71,Subgroup 3,4474,Lila Martinez
G-71,Subgroup 3,4455,Ayla Turner
G-71,Subgroup 3,4499,Zhang Yi
G-71,Subgroup 3,4489,Renji Tanaka
G-71,Subgroup 4,4454,Anisah Binti
G-71,Subgroup 4,4485,Olivia Ng
G-71,Subgroup 4,4491,Sofia Perez
G-71,Subgroup 4,4481,Mohammad Ali
G-71,Subgroup 4,4457,Carter Xu
G-71,Subgroup 5,4468,Indira Ong
G-71,Subgroup 5,4486,Peyton Villanueva
G-71,Subgroup 5,4483,Ningyu
G-71,Subgroup 5,4494,Uriah Pineda
G-71,Subgroup 5,4488,Ravi Sharma
G-71,Subgroup 6,4453,Amina Binti Rahman
G-71,Subgroup 6,4458,Cassandra Reyes
G-71,Subgroup 6,4490,Rhea Bennett
G-71,Subgroup 6,4495,Uriah Wong
G-71,Subgroup 6,4476,Lucas Martinez
G-71,Subgroup 7,4451,Aisha Khan
G-71,Subgroup 7,4472,Kylie Ross
G-71,Subgroup 7,4482,Monique Fernandez
G-71,Subgroup 7,4462,Eric Huang
G-71,Subgroup 7,4450,Adriel Reyes
G-71,Subgroup 8,4465,Fiona Lam
G-71,Subgroup 8,4484,Nora Campbell
G-71,Subgroup 8,4475,Lily Turner
G-71,Subgroup 8,4470,Jonas Evans
G-71,Subgroup 8,4460,Dong-Soo Lee
G-71,Subgroup 9,4466,Hira Ali
G-71,Subgroup 9,4477,Maya Iyer
G-71,Subgroup 9,4493,Tara Chen
G-71,Subgroup 9,4459,Dmitri Volkov
G-71,Subgroup 9,4452,Aiwen Wang
G-71,Subgroup 10,4473,Lana Lee
G-71,Subgroup 10,4487,Priyanka Kapoor
G-71,Subgroup 10,4479,Mia Lim
G-71,Subgroup 10,4467,Hiroki Nakamura
G-71,Subgroup 10,4471,Kamran Hussain
G-72,Subgroup 1,4531,Rashid Malik
G-72,Subgroup 1,4537,Siddharth Iyer
G-72,Subgroup 1,4546,William Young
G-72,Subgroup 1,4507,Elena Petrovna
G-72,Subgroup 1,4505,Callie Lin
G-72,Subgroup 2,4541,Takahiro Nakashima
G-72,Subgroup 2,4517,Kevin Wang
G-72,Subgroup 2,4511,Gideon Reed
G-72,Subgroup 2,4532,Rida Noor
G-72,Subgroup 2,4539,Sophie Tan
G-72,Subgroup 3,4543,Tristan Li
G-72,Subgroup 3,4526,Nathan Roberts
G-72,Subgroup 3,4516,Jayden Bennett
G-72,Subgroup 3,4512,Gina Tan
G-72,Subgroup 3,4545,Vani Rani
G-72,Subgroup 4,4522,Max Lim
G-72,Subgroup 4,4508,Erik Chen
G-72,Subgroup 4,4524,Michael Jackson
G-72,Subgroup 4,4515,Jade Kwan
G-72,Subgroup 4,4502,Belle Wang
G-72,Subgroup 5,4536,Shahid Bin Ahmad
G-72,Subgroup 5,4509,Evan Yang
G-72,Subgroup 5,4510,Fatimah Binti
G-72,Subgroup 5,4542,Tara Nair
G-72,Subgroup 5,4533,Sakura Takahashi
G-72,Subgroup 6,4513,Hafiz Rahman
G-72,Subgroup 6,4535,Sebastian Wright
G-72,Subgroup 6,4519,Luke Howard
G-72,Subgroup 6,4548,Zehra Noor
G-72,Subgroup 6,4521,Maria Stepanova
G-72,Subgroup 7,4547,Yusuf Bin Ahmad
G-72,Subgroup 7,4503,Caleb Liu
G-72,Subgroup 7,4500,Aaron Wilson
G-72,Subgroup 7,4506,Disha Iyer
G-72,Subgroup 7,4501,Ava Chua
G-72,Subgroup 8,4504,Caleb Moreno
G-72,Subgroup 8,4518,Lian Chen
G-72,Subgroup 8,4529,Preston Davis
G-72,Subgroup 8,4530,Priti Sharma
G-72,Subgroup 8,4525,Nari Yoshida
G-72,Subgroup 9,4514,Hoang Van Loc
G-72,Subgroup 9,4520,Luke Price
G-72,Subgroup 9,4534,Sara Malik
G-72,Subgroup 9,4549,Zoe Li
G-72,Subgroup 9,4538,Sophia Hernandez
G-72,Subgroup 10,4528,Nitin Sharma
G-72,Subgroup 10,4527,Nguyen Hoang Long
G-72,Subgroup 10,4544,Ulya Handayani
G-72,Subgroup 10,4523,Mei Wong
G-72,Subgroup 10,4540,Suki Tanaka
G-73,Subgroup 1,4571,Lilah Diaz
G-73,Subgroup 1,4597,Yuna Nakamura
G-73,Subgroup 1,4572,Lina Lim
G-73,Subgroup 1,4590,Trey Liu
G-73,Subgroup 1,4599,Zylen Alvarado
G-73,Subgroup 2,4556,Claudia Dela Cruz
G-73,Subgroup 2,4570,Liang Zhang
G-73,Subgroup 2,4576,Maya Thompson
G-73,Subgroup 2,4598,Zhen Wei
G-73,Subgroup 2,4569,Levi Morgan
G-73,Subgroup 3,4559,Guangqiang
G-73,Subgroup 3,4589,Tran Van Thanh
G-73,Subgroup 3,4555,Celine Wong
G-73,Subgroup 3,4579,Nguyen Van Hao
G-73,Subgroup 3,4568,Leo Li
G-73,Subgroup 4,4587,Stella Peterson
G-73,Subgroup 4,4560,Hannah Martinez
G-73,Subgroup 4,4551,Addie Lin
G-73,Subgroup 4,4591,Ty Wu
G-73,Subgroup 4,4580,Nguyen Van Son
G-73,Subgroup 5,4592,Uma Dela Cruz
G-73,Subgroup 5,4567,Kiran Noor
G-73,Subgroup 5,4581,Nina Kwan
G-73,Subgroup 5,4563,Henry Li
G-73,Subgroup 5,4575,Matthew Wilson
G-73,Subgroup 6,4583,Rida Shah
G-73,Subgroup 6,4578,Nadia Ismail
G-73,Subgroup 6,4554,Angela Yip
G-73,Subgroup 6,4565,Josh Thompson
G-73,Subgroup 6,4566,Kazuo Higashi
G-73,Subgroup 7,4585,Saira Ali
G-73,Subgroup 7,4550,Aaliyah Flores
G-73,Subgroup 7,4588,Tiantian Liu
G-73,Subgroup 7,4584,Ryan Lim
G-73,Subgroup 7,4557,Dylan Yang
G-73,Subgroup 8,4593,Vira Andini
G-73,Subgroup 8,4564,Hui Zhang
G-73,Subgroup 8,4552,Aditi Mehta
G-73,Subgroup 8,4553,Akira Nishida
G-73,Subgroup 8,4574,Marc Cheung
G-73,Subgroup 9,4573,Lucy Simmons
G-73,Subgroup 9,4595,Xia Chen
G-73,Subgroup 9,4577,Megan Lewis
G-73,Subgroup 9,4562,Hao Chen
G-73,Subgroup 9,4582,Rahul Desai
G-73,Subgroup 10,4561,Hannah Sanchez
G-73,Subgroup 10,4596,Xiang Yu
G-73,Subgroup 10,4586,Shanaya Rao
G-73,Subgroup 10,4558,Faisal Rehman
G-73,Subgroup 10,4594,Wyatt Adams
G-74,Subgroup 1,4612,Elaine Dela Cruz
G-74,Subgroup 1,4607,Chloe Brown
G-74,Subgroup 1,4637,Quinn Yang
G-74,Subgroup 1,4644,Theo Ross
G-74,Subgroup 1,4620,Jace Rivera
G-74,Subgroup 2,4618,Fatma Binti Ali
G-74,Subgroup 2,4627,Lina Binti Ismail
G-74,Subgroup 2,4629,Luca Murphy
G-74,Subgroup 2,4610,Dika Saputra
G-74,Subgroup 2,4605,Ariana Coleman
G-74,Subgroup 3,4635,Natalie Rivera
G-74,Subgroup 3,4648,Xara Alvarado
G-74,Subgroup 3,4633,Naim Bin Rahim
G-74,Subgroup 3,4636,Nikita Alexeyev
G-74,Subgroup 3,4613,Elijah Liu
G-74,Subgroup 4,4638,Saki Nishimura
G-74,Subgroup 4,4603,Amelia Wang
G-74,Subgroup 4,4619,Huda Binti Ali
G-74,Subgroup 4,4611,Dylan Wong
G-74,Subgroup 4,4624,Kaden Reed
G-74,Subgroup 5,4640,Sanya Verma
G-74,Subgroup 5,4631,Meena Devi
G-74,Subgroup 5,4626,Layla Zhang
G-74,Subgroup 5,4641,Saurabh Mehta
G-74,Subgroup 5,4623,Jiayi
G-74,Subgroup 6,4647,Victoria Adams
G-74,Subgroup 6,4639,Sanjana Iyer
G-74,Subgroup 6,4617,Eva Lestari
G-74,Subgroup 6,4606,Calla Chen
G-74,Subgroup 6,4621,Jasper King
G-74,Subgroup 7,4632,Mithun Nair
G-74,Subgroup 7,4643,Sophie Bennett
G-74,Subgroup 7,4628,Ling Feng
G-74,Subgroup 7,4622,Jaxon Lee
G-74,Subgroup 7,4615,Emmy Wang
G-74,Subgroup 8,4601,Aditi Nair
G-74,Subgroup 8,4630,Mason Reyes
G-74,Subgroup 8,4634,Nash Wong
G-74,Subgroup 8,4646,Victor Lim
G-74,Subgroup 8,4614,Ellis Zhao
G-74,Subgroup 9,4645,Tingwei
G-74,Subgroup 9,4625,Laila Binti Ismail
G-74,Subgroup 9,4642,Shuqi
G-74,Subgroup 9,4608,Cindy Lestari
G-74,Subgroup 9,4616,Ethan Thomas
G-74,Subgroup 10,4604,Amira Noor
G-74,Subgroup 10,4600,Aarav Bajaj
G-74,Subgroup 10,4609,Daniel Koh
G-74,Subgroup 10,4602,Aidan Tan
G-74,Subgroup 10,4649,Zachary Allen
G-75,Subgroup 1,4679,Olivia Garcia
G-75,Subgroup 1,4680,Pooja Sharma
G-75,Subgroup 1,4686,Sanjay Nair
G-75,Subgroup 1,4670,Laila Rahman
G-75,Subgroup 1,4664,Jasmine Binti Lee
G-75,Subgroup 2,4667,Kavya Sharma
G-75,Subgroup 2,4683,Rumana Niazi
G-75,Subgroup 2,4669,Kiran Rao
G-75,Subgroup 2,4692,Tianyi
G-75,Subgroup 2,4696,Xanthe Scott
G-75,Subgroup 3,4691,Tessa Alonzo
G-75,Subgroup 3,4654,Arvind Kumar
G-75,Subgroup 3,4693,Victor Reyes
G-75,Subgroup 3,4666,Kavita Sharma
G-75,Subgroup 3,4685,Samantha Sun
G-75,Subgroup 4,4698,Ying Xu
G-75,Subgroup 4,4661,David Simmons
G-75,Subgroup 4,4650,Ahmad Bin Azhar
G-75,Subgroup 4,4657,Ava Nguyen
G-75,Subgroup 4,4662,Felix Tan
G-75,Subgroup 5,4651,Anika Iyer
G-75,Subgroup 5,4672,Liam Chen
G-75,Subgroup 5,4665,Jian Li
G-75,Subgroup 5,4668,Kiran Chawla
G-75,Subgroup 5,4653,Anil Reddy
G-75,Subgroup 6,4681,Ritika Sethi
G-75,Subgroup 6,4688,Shan Biao
G-75,Subgroup 6,4699,Yuri Mikhailov
G-75,Subgroup 6,4660,Chen Hui
G-75,Subgroup 6,4659,Bingli
G-75,Subgroup 7,4684,Salma Khan
G-75,Subgroup 7,4678,Oliver Thomas
G-75,Subgroup 7,4671,Leo Zhang
G-75,Subgroup 7,4663,Ivy Ong
G-75,Subgroup 7,4694,William Lim
G-75,Subgroup 8,4689,Sneha Reddy
G-75,Subgroup 8,4655,Asher Phillips
G-75,Subgroup 8,4697,Yasir Malik
G-75,Subgroup 8,4687,Santi Kusuma
G-75,Subgroup 8,4674,Mikhail Ivanov
G-75,Subgroup 9,4690,Sunita Iyer
G-75,Subgroup 9,4676,Mohammed Patel
G-75,Subgroup 9,4658,Ava Rivera
G-75,Subgroup 9,4682,Ruchi Gupta
G-75,Subgroup 9,4677,Nitin Singhal
G-75,Subgroup 10,4656,Ava Green
G-75,Subgroup 10,4695,Wyatt Yang
G-75,Subgroup 10,4675,Mi-Sook Choi
G-75,Subgroup 10,4652,Anika Reddy
G-75,Subgroup 10,4673,Mateo Huang
G-76,Subgroup 1,4736,Penny Tan
G-76,Subgroup 1,4744,Sienna Wong
G-76,Subgroup 1,4733,Naina Sharma
G-76,Subgroup 1,4738,Ryota Yamada
G-76,Subgroup 1,4710,Bobby Hidayat
G-76,Subgroup 2,4748,Yara Ong
G-76,Subgroup 2,4703,Amara Kim
G-76,Subgroup 2,4730,Meera Joshi
G-76,Subgroup 2,4705,Andrew Lewis
G-76,Subgroup 2,4711,Brian Yang
G-76,Subgroup 3,4724,Katherine Goh
G-76,Subgroup 3,4745,Tania Sinha
G-76,Subgroup 3,4739,Sajida Noor
G-76,Subgroup 3,4731,Mikhail Petrov
G-76,Subgroup 3,4720,Henry Martin
G-76,Subgroup 4,4715,Danielle Dela Cruz
G-76,Subgroup 4,4735,Nina Anggraini
G-76,Subgroup 4,4708,Aubrey Lin
G-76,Subgroup 4,4742,Shiv Patel
G-76,Subgroup 4,4707,Anup Kumar
G-76,Subgroup 5,4740,Samantha Teo
G-76,Subgroup 5,4712,Brittany Wong
G-76,Subgroup 5,4743,Shreya Sharma
G-76,Subgroup 5,4747,Yang Jun Lim
G-76,Subgroup 5,4734,Nicholas Griffin
G-76,Subgroup 6,4709,Bella Lee
G-76,Subgroup 6,4704,Ananya Joshi
G-76,Subgroup 6,4700,Aanya Kapoor
G-76,Subgroup 6,4741,Shahrir Bin Rahman
G-76,Subgroup 6,4702,Alexander Clark
G-76,Subgroup 7,4737,Riya Sharma
G-76,Subgroup 7,4713,Camila Lee
G-76,Subgroup 7,4718,Fang Ying
G-76,Subgroup 7,4721,Ian Lee
G-76,Subgroup 7,4706,Andrew Li
G-76,Subgroup 8,4701,Adeel Qureshi
G-76,Subgroup 8,4719,Gloria Sanders
G-76,Subgroup 8,4749,Ying Xuan Tan
G-76,Subgroup 8,4725,Kian Zhang
G-76,Subgroup 8,4727,Kong Wei Tan
G-76,Subgroup 9,4716,Elaine Wang
G-76,Subgroup 9,4728,Kylie Tan
G-76,Subgroup 9,4726,Kiran Bhatia
G-76,Subgroup 9,4717,Elijah Harris
G-76,Subgroup 9,4722,James Taylor
G-76,Subgroup 10,4729,Meena Bhatia
G-76,Subgroup 10,4714,Crystal Lim
G-76,Subgroup 10,4732,Ming Zhou
G-76,Subgroup 10,4723,Julian Bautista
G-76,Subgroup 10,4746,Tariq Ahmed
G-77,Subgroup 1,4765,Holly Tan
G-77,Subgroup 1,4788,Riley Dela Cruz
G-77,Subgroup 1,4799,Zoe Mitchell
G-77,Subgroup 1,4763,Gideon Hall
G-77,Subgroup 1,4772,Karan Nair
G-77,Subgroup 2,4777,Lily Foster
G-77,Subgroup 2,4797,Tsubasa Takahashi
G-77,Subgroup 2,4761,Fatima Rahman
G-77,Subgroup 2,4790,Roy Tan
G-77,Subgroup 2,4786,Rahul Kumar
G-77,Subgroup 3,4779,Madison Zhang
G-77,Subgroup 3,4751,Aisha binti Hassan
G-77,Subgroup 3,4773,Kezhen
G-77,Subgroup 3,4753,Anderson Wu
G-77,Subgroup 3,4769,Jett Yang
G-77,Subgroup 4,4754,Chloe Rivera
G-77,Subgroup 4,4775,Larasati Wulandari
G-77,Subgroup 4,4752,Alyssa Cox
G-77,Subgroup 4,4774,Kiran Nair
G-77,Subgroup 4,4767,James Griffin
G-77,Subgroup 5,4789,Riley Edwards
G-77,Subgroup 5,4791,Sofia Green
G-77,Subgroup 5,4793,Sreya Rao
G-77,Subgroup 5,4796,Toni Saputra
G-77,Subgroup 5,4750,Aarav Desai
G-77,Subgroup 6,4776,Leena Joshi
G-77,Subgroup 6,4781,Nadia Binti Mohd
G-77,Subgroup 6,4759,Ema Binti Rahman
G-77,Subgroup 6,4757,David Murphy
G-77,Subgroup 6,4787,Ren Tanaka
G-77,Subgroup 7,4783,Nusrat Ali
G-77,Subgroup 7,4785,Priyanka Kaur
G-77,Subgroup 7,4795,Tanya Ali
G-77,Subgroup 7,4798,Victor Reyes
G-77,Subgroup 7,4756,Christopher Li
G-77,Subgroup 8,4755,Chloe Wong
G-77,Subgroup 8,4780,Nadia Binti Fadli
G-77,Subgroup 8,4760,Emily Ng
G-77,Subgroup 8,4771,John Brown
G-77,Subgroup 8,4794,Tanner Wu
G-77,Subgroup 9,4764,Hina Iqbal
G-77,Subgroup 9,4770,Jinlong
G-77,Subgroup 9,4768,Jasmine Lin
G-77,Subgroup 9,4782,Nolan Perez
G-77,Subgroup 9,4758,Eli Walker
G-77,Subgroup 10,4778,Lily Johnson
G-77,Subgroup 10,4784,Poppy Green
G-77,Subgroup 10,4792,Soo-Yeon Jang
G-77,Subgroup 10,4762,Ferdie Navarro
G-77,Subgroup 10,4766,Huilin
G-78,Subgroup 1,4820,Kiran Patil
G-78,Subgroup 1,4812,Feng Yi Tan
G-78,Subgroup 1,4800,Adalyn Tan
G-78,Subgroup 1,4832,Oliver Morales
G-78,Subgroup 1,4835,Rafael Tan
G-78,Subgroup 2,4827,Navya Arya
G-78,Subgroup 2,4815,Jasmine Hapsari
G-78,Subgroup 2,4831,Nurul binti Zainal
G-78,Subgroup 2,4802,Aihua Zhuang
G-78,Subgroup 2,4828,Nguyen Van Hieu
G-78,Subgroup 3,4842,Sophia Garcia
G-78,Subgroup 3,4806,Alya Rahman
G-78,Subgroup 3,4839,Samantha Cox
G-78,Subgroup 3,4826,Nathan Tan
G-78,Subgroup 3,4830,Noah Huang
G-78,Subgroup 4,4849,Zoya Tsai
G-78,Subgroup 4,4829,Nina Chen
G-78,Subgroup 4,4841,Sienna Edwards
G-78,Subgroup 4,4824,Min Yi Tan
G-78,Subgroup 4,4819,Khalid Rahman
G-78,Subgroup 5,4813,Isabella Lim
G-78,Subgroup 5,4808,Diana Li
G-78,Subgroup 5,4838,Riya Reddy
G-78,Subgroup 5,4843,Sun Li
G-78,Subgroup 5,4801,Agung Prabowo
G-78,Subgroup 6,4837,Rita Narayan
G-78,Subgroup 6,4822,Kylie Torres
G-78,Subgroup 6,4814,Isabella Walker
G-78,Subgroup 6,4818,Jun Huang
G-78,Subgroup 6,4817,Josh Tan
G-78,Subgroup 7,4846,Wanda Cruz
G-78,Subgroup 7,4811,Fauziah Binti Ahmad
G-78,Subgroup 7,4840,Scarlett Hall
G-78,Subgroup 7,4803,Alaric Yang
G-78,Subgroup 7,4844,Teng Wei Lim
G-78,Subgroup 8,4825,Nami Fujimoto
G-78,Subgroup 8,4823,Lina Devi
G-78,Subgroup 8,4809,Diana Malik
G-78,Subgroup 8,4804,Aldo Setiawan
G-78,Subgroup 8,4816,Jaxon Jenkins
G-78,Subgroup 9,4834,Queenie Pineda
G-78,Subgroup 9,4833,Patricia Lee
G-78,Subgroup 9,4810,Elisha Wu
G-78,Subgroup 9,4836,Raghav Singh
G-78,Subgroup 9,4807,Daniel Edwards
G-78,Subgroup 10,4848,Zara Amalia
G-78,Subgroup 10,4805,Alice Tan
G-78,Subgroup 10,4847,Zachary Patel
G-78,Subgroup 10,4845,Vikram Nair
G-78,Subgroup 10,4821,Kunal Bhatia
G-79,Subgroup 1,4850,Amira Wong
G-79,Subgroup 1,4895,Wang Yu
G-79,Subgroup 1,4878,Nina Lee
G-79,Subgroup 1,4885,Qing Wei Lim
G-79,Subgroup 1,4892,Tyler Moore
G-79,Subgroup 2,4854,Bella Wong
G-79,Subgroup 2,4879,Nora Howard
G-79,Subgroup 2,4893,Valentina Zhao
G-79,Subgroup 2,4887,Rongwei
G-79,Subgroup 2,4868,Jin Zhi
G-79,Subgroup 3,4874,Nadia Binti Ismail
G-79,Subgroup 3,4894,Vina Safira
G-79,Subgroup 3,4890,Shruti Verma
G-79,Subgroup 3,4884,Perry Villanueva
G-79,Subgroup 3,4883,Paul Tan
G-79,Subgroup 4,4880,Nova Gonzalez
G-79,Subgroup 4,4870,Khushboo Malik
G-79,Subgroup 4,4860,Eva Clark
G-79,Subgroup 4,4899,Zhao Qiang
G-79,Subgroup 4,4876,Nashit Khan
G-79,Subgroup 5,4862,Hani Binti Noor
G-79,Subgroup 5,4866,Hui Min Tan
G-79,Subgroup 5,4873,Miyako Shimizu
G-79,Subgroup 5,4853,Ashton Clark
G-79,Subgroup 5,4871,Landon Reed
G-79,Subgroup 6,4881,Olive Green
G-79,Subgroup 6,4865,Hui Liu
G-79,Subgroup 6,4898,Zara Wong
G-79,Subgroup 6,4864,Haruto Fujimoto
G-79,Subgroup 6,4877,Nhat Nguyen
G-79,Subgroup 7,4891,Siti Zulaikha
G-79,Subgroup 7,4888,Sadia Malik
G-79,Subgroup 7,4859,Eun-Ji Lee
G-79,Subgroup 7,4867,Isaac Brooks
G-79,Subgroup 7,4855,Bilal Hussain
G-79,Subgroup 8,4856,Chaofeng
G-79,Subgroup 8,4889,Sakshi Joshi
G-79,Subgroup 8,4851,Anika Varma
G-79,Subgroup 8,4869,Kartik Sharma
G-79,Subgroup 8,4886,Rizan Bin Ahmad
G-79,Subgroup 9,4875,Nari Kim
G-79,Subgroup 9,4857,Diana Binti Zain
G-79,Subgroup 9,4852,Arvind Sharma
G-79,Subgroup 9,4882,Omer Farooq
G-79,Subgroup 9,4863,Hao Wu
G-79,Subgroup 10,4897,Xing Yu
G-79,Subgroup 10,4896,Xena Santiago
G-79,Subgroup 10,4858,Elijah Reed
G-79,Subgroup 10,4861,Gavin Wu
G-79,Subgroup 10,4872,Logan Thompson
G-8,Subgroup 1,4940,Sofia Chen
G-8,Subgroup 1,4944,Tian Wei
G-8,Subgroup 1,4906,Aria Singh
G-8,Subgroup 1,4943,Thao Le
G-8,Subgroup 1,4935,Nathan Adams
G-8,Subgroup 2,4914,Fatima Tan
G-8,Subgroup 2,4945,Wei Chen
G-8,Subgroup 2,4905,Anushka Verma
G-8,Subgroup 2,4900,Aidan Foster
G-8,Subgroup 2,4948,Zane Carter
G-8,Subgroup 3,4920,Kira Tanaka
G-8,Subgroup 3,4918,Jane Smith
G-8,Subgroup 3,4921,Kiran Rane
G-8,Subgroup 3,4915,Harry Ho
G-8,Subgroup 3,4909,Cheng Li
G-8,Subgroup 4,4936,Neha Iyer
G-8,Subgroup 4,4925,Lara Cruz
G-8,Subgroup 4,4923,Laila Ali
G-8,Subgroup 4,4928,Liu Hong
G-8,Subgroup 4,4903,Aminah Binte
G-8,Subgroup 5,4937,Poppy Cahyani
G-8,Subgroup 5,4942,Suki Wang
G-8,Subgroup 5,4901,Alena Chang
G-8,Subgroup 5,4938,Rafiq Bin Zain
G-8,Subgroup 5,4932,Michael Young
G-8,Subgroup 6,4910,Cindy Wong
G-8,Subgroup 6,4949,Zara Rahman
G-8,Subgroup 6,4902,Amara Belle
G-8,Subgroup 6,4919,Joshua White
G-8,Subgroup 6,4913,Dominic Li
G-8,Subgroup 7,4907,Avery Li
G-8,Subgroup 7,4930,Mei Wang
G-8,Subgroup 7,4911,Dara Cheng
G-8,Subgroup 7,4924,Landon Lim
G-8,Subgroup 7,4927,Liam Hill
G-8,Subgroup 8,4947,Yuki Takeda
G-8,Subgroup 8,4908,Ayla Wong
G-8,Subgroup 8,4946,Wendy Au
G-8,Subgroup 8,4933,Michael Zhang
G-8,Subgroup 8,4941,Souta Watanabe
G-8,Subgroup 9,4917,Jade Chang
G-8,Subgroup 9,4904,Angela Tan
G-8,Subgroup 9,4912,Dmitry Petrov
G-8,Subgroup 9,4929,Mason Hughes
G-8,Subgroup 9,4926,Levi Parker
G-8,Subgroup 10,4934,Mila Reed
G-8,Subgroup 10,4931,Mia Morgan
G-8,Subgroup 10,4916,Jacob Robinson
G-8,Subgroup 10,4939,Seung-Jin Han
G-8,Subgroup 10,4922,Kyle Wang
G-80,Subgroup 1,4964,Igor Petrov
G-80,Subgroup 1,4950,Aaron Thompson
G-80,Subgroup 1,4993,Ron Tan
G-80,Subgroup 1,4973,Kira Lee
G-80,Subgroup 1,4990,Priya Kaul
G-80,Subgroup 2,4965,Indra Prasetyo
G-80,Subgroup 2,4963,Huang Xin
G-80,Subgroup 2,4960,Hao Wei Tan
G-80,Subgroup 2,4959,Hana Ng
G-80,Subgroup 2,4999,Zoe Wong
G-80,Subgroup 3,4966,Jack Green
G-80,Subgroup 3,4957,Feri andika
G-80,Subgroup 3,4970,Keshav Yadav
G-80,Subgroup 3,4968,Jing Yi Tan
G-80,Subgroup 3,4983,Mollie Edwards
G-80,Subgroup 4,4982,Michael Walker
G-80,Subgroup 4,4972,Killian Wu
G-80,Subgroup 4,4971,Killian James
G-80,Subgroup 4,4976,Layla Wu
G-80,Subgroup 4,4995,Siti Aishah
G-80,Subgroup 5,4953,Arjun Verma
G-80,Subgroup 5,4978,Lucas Kim
G-80,Subgroup 5,4956,Cameron Zhao
G-80,Subgroup 5,4977,Lu Jian
G-80,Subgroup 5,4975,Lan Shi
G-80,Subgroup 6,4984,Nathan Tan
G-80,Subgroup 6,4974,Kiran Sethi
G-80,Subgroup 6,4969,John Doe
G-80,Subgroup 6,4986,Nida Khan
G-80,Subgroup 6,4985,Nguyen Thi Ai
G-80,Subgroup 7,4981,Marwan Bin Ali
G-80,Subgroup 7,4991,Quinlan Roberts
G-80,Subgroup 7,4961,Harold Lee
G-80,Subgroup 7,4954,Baodong
G-80,Subgroup 7,4989,Orla James
G-80,Subgroup 8,4992,Ravi Deshmukh
G-80,Subgroup 8,4952,Arjun Deshmukh
G-80,Subgroup 8,4967,Jacob Parker
G-80,Subgroup 8,4988,Nora Bailey
G-80,Subgroup 8,4998,Zahra Ali
G-80,Subgroup 9,4955,Caleb Butler
G-80,Subgroup 9,4951,Adil Bin Rahman
G-80,Subgroup 9,4958,Hana Matsumura
G-80,Subgroup 9,4997,Yareli Cruz
G-80,Subgroup 9,4994,Ruth Tan
G-80,Subgroup 10,4979,Mahesh Babu
G-80,Subgroup 10,4962,Hassan Ibrahim
G-80,Subgroup 10,4980,Maria Garcia
G-80,Subgroup 10,4987,Nisha Desai
G-80,Subgroup 10,4996,Sophia Baker
G-81,Subgroup 1,5015,Holly Hughes
G-81,Subgroup 1,5035,Samantha Chan
G-81,Subgroup 1,5017,Isha Begum
G-81,Subgroup 1,5009,Eryan
G-81,Subgroup 1,5037,Sandeep Reddy
G-81,Subgroup 2,5043,Tatiana Sergeyevna
G-81,Subgroup 2,5036,Samira Ali
G-81,Subgroup 2,5030,Neelima Das
G-81,Subgroup 2,5019,Jasper Li
G-81,Subgroup 2,5044,Wayne Tan
G-81,Subgroup 3,5012,Fiona Tan
G-81,Subgroup 3,5046,Ying Wu
G-81,Subgroup 3,5011,Fiona Huang
G-81,Subgroup 3,5022,Kyo Tan
G-81,Subgroup 3,5026,Marcus Green
G-81,Subgroup 4,5005,Bushra Khan
G-81,Subgroup 4,5004,Avery Robinson
G-81,Subgroup 4,5029,Mira Patel
G-81,Subgroup 4,5045,Yi Ming Lim
G-81,Subgroup 4,5013,Gavin Tan
G-81,Subgroup 5,5016,Irina Dmitrieva
G-81,Subgroup 5,5010,Farah Lim
G-81,Subgroup 5,5020,Khushboo Khan
G-81,Subgroup 5,5039,Santiago Huang
G-81,Subgroup 5,5033,Qian Yu Tan
G-81,Subgroup 6,5040,Sophia Martinez
G-81,Subgroup 6,5023,Lina Cheong
G-81,Subgroup 6,5008,Emma Wong
G-81,Subgroup 6,5006,Dylan Wang
G-81,Subgroup 6,5042,Tao Feng
G-81,Subgroup 7,5048,Zara Wu
G-81,Subgroup 7,5034,Rory Chen
G-81,Subgroup 7,5002,Aria Perez
G-81,Subgroup 7,5047,Zainal Abidin
G-81,Subgroup 7,5028,Ming Yue
G-81,Subgroup 8,5031,Nina Lim
G-81,Subgroup 8,5014,Grace Wu
G-81,Subgroup 8,5021,Kiran Desai
G-81,Subgroup 8,5003,Arjun Patel
G-81,Subgroup 8,5018,Jack Morgan
G-81,Subgroup 9,5000,Ada Zhang
G-81,Subgroup 9,5024,Lola Bennett
G-81,Subgroup 9,5025,Lucy Watson
G-81,Subgroup 9,5007,Emery Collins
G-81,Subgroup 9,5027,Max Carter
G-81,Subgroup 10,5032,Piper Yip
G-81,Subgroup 10,5041,Sophie Hughes
G-81,Subgroup 10,5001,Alvin Yeo
G-81,Subgroup 10,5038,Sanjay Gupta
G-81,Subgroup 10,5049,Zhou Yu
G-82,Subgroup 1,5080,Mohd Rizal Bin Hassan
G-82,Subgroup 1,5069,Jasbir Singh
G-82,Subgroup 1,5054,Asher Kim
G-82,Subgroup 1,5090,Sarah Miller
G-82,Subgroup 1,5096,Violet Yip
G-82,Subgroup 2,5099,Zhao Wei
G-82,Subgroup 2,5070,Jay Wu
G-82,Subgroup 2,5082,Nguyen Van Phong
G-82,Subgroup 2,5053,Annika Chang
G-82,Subgroup 2,5075,Le Thi Nhung
G-82,Subgroup 3,5077,Lucas Young
G-82,Subgroup 3,5071,Julian Sanders
G-82,Subgroup 3,5081,Nash De Leon
G-82,Subgroup 3,5097,Wren Zhao
G-82,Subgroup 3,5052,Amara Tan
G-82,Subgroup 4,5079,Mohan Nair
G-82,Subgroup 4,5094,Toni Saputra
G-82,Subgroup 4,5092,Suresh Yadav
G-82,Subgroup 4,5064,Haoqiang
G-82,Subgroup 4,5055,Aubrey Bell
G-82,Subgroup 5,5083,Owais Tariq
G-82,Subgroup 5,5078,Mason Kim
G-82,Subgroup 5,5059,Eli Wu
G-82,Subgroup 5,5091,Simone Lim
G-82,Subgroup 5,5074,Lara Chen
G-82,Subgroup 6,5057,Chinh Nguyen
G-82,Subgroup 6,5084,Ping Wang
G-82,Subgroup 6,5072,Kyo Tan
G-82,Subgroup 6,5093,Tanisha Nair
G-82,Subgroup 6,5050,Aaliyah Rodriguez
G-82,Subgroup 7,5061,Gabriel Ramirez
G-82,Subgroup 7,5086,Ronin Smith
G-82,Subgroup 7,5065,Harrison Lee
G-82,Subgroup 7,5060,Ella Kwan
G-82,Subgroup 7,5063,Hana Kuroda
G-82,Subgroup 8,5089,Samir Khan
G-82,Subgroup 8,5067,Henry Tan
G-82,Subgroup 8,5076,Liam Smith
G-82,Subgroup 8,5073,Lakshmi Rao
G-82,Subgroup 8,5051,Alya Faris
G-82,Subgroup 9,5095,Vincent Ng
G-82,Subgroup 9,5066,Henry Baker
G-82,Subgroup 9,5085,Rizwan Bin Ahmad
G-82,Subgroup 9,5062,Gemma Rivera
G-82,Subgroup 9,5087,Sabrina Binti Mohd
G-82,Subgroup 10,5058,Dimas Santoso
G-82,Subgroup 10,5068,Isaac Ward
G-82,Subgroup 10,5056,Ava Johnson
G-82,Subgroup 10,5088,Sadia Ali
G-82,Subgroup 10,5098,Yuki Nishiyama
G-83,Subgroup 1,5100,Ahmad Zaki Bin Rahman
G-83,Subgroup 1,5110,David Wu
G-83,Subgroup 1,5117,Fahad Nadeem
G-83,Subgroup 1,5104,Anita Gupta
G-83,Subgroup 1,5118,Farhan Hussain
G-83,Subgroup 2,5134,Nash Reddy
G-83,Subgroup 2,5135,Nash Wu
G-83,Subgroup 2,5121,Grayson Li
G-83,Subgroup 2,5137,Nora Abdul
G-83,Subgroup 2,5125,Isha Alvarado
G-83,Subgroup 3,5109,Daniel Chen
G-83,Subgroup 3,5139,Ravi Patel
G-83,Subgroup 3,5148,Vincent Lam
G-83,Subgroup 3,5101,Amani Binti Hisham
G-83,Subgroup 3,5147,Tu Nguyen
G-83,Subgroup 4,5111,Dorian Villanueva
G-83,Subgroup 4,5116,Evan Parker
G-83,Subgroup 4,5129,Kelvin Tan
G-83,Subgroup 4,5113,Elena Murphy
G-83,Subgroup 4,5102,Aminah Ali
G-83,Subgroup 5,5106,Anthony Parker
G-83,Subgroup 5,5126,James White
G-83,Subgroup 5,5149,Xander Mendoza
G-83,Subgroup 5,5105,Anjali Iyer
G-83,Subgroup 5,5122,Guangli
G-83,Subgroup 6,5119,Finn Pineda
G-83,Subgroup 6,5127,Kah Ying
G-83,Subgroup 6,5131,Leo White
G-83,Subgroup 6,5143,Shruti Nair
G-83,Subgroup 6,5140,Ritika Patil
G-83,Subgroup 7,5108,Colton Harris
G-83,Subgroup 7,5112,Efei
G-83,Subgroup 7,5123,Guangqiang
G-83,Subgroup 7,5132,Lisa Lim
G-83,Subgroup 7,5144,Stella Zhao
G-83,Subgroup 8,5141,Saul Huang
G-83,Subgroup 8,5133,Mateo Yang
G-83,Subgroup 8,5142,Shamsher Ali
G-83,Subgroup 8,5114,Elisa Rivera
G-83,Subgroup 8,5107,Cecilia Morales
G-83,Subgroup 9,5115,Elliot Lim
G-83,Subgroup 9,5124,Haruto Yamamoto
G-83,Subgroup 9,5146,Syafiq Bin Mohd
G-83,Subgroup 9,5128,Kali Chen
G-83,Subgroup 9,5136,Nian Zhang
G-83,Subgroup 10,5130,Kou Suzuki
G-83,Subgroup 10,5103,An Nguyen
G-83,Subgroup 10,5120,Gavin Flores
G-83,Subgroup 10,5138,Priya Tan
G-83,Subgroup 10,5145,Svetlana Alexandrova
G-84,Subgroup 1,5154,Binghua
G-84,Subgroup 1,5168,Isabella Moore
G-84,Subgroup 1,5161,Elena Chang
G-84,Subgroup 1,5156,Bodhi Edwards
G-84,Subgroup 1,5169,Kaito Takahashi
G-84,Subgroup 2,5192,Tara Devi
G-84,Subgroup 2,5176,Mei Hong Tan
G-84,Subgroup 2,5150,Aaliyah Lin
G-84,Subgroup 2,5164,Gabriel Adams
G-84,Subgroup 2,5170,Kaito Takahashi
G-84,Subgroup 3,5197,Zhang Ying
G-84,Subgroup 3,5187,Samantha Gray
G-84,Subgroup 3,5165,Hannah Chen
G-84,Subgroup 3,5190,Simon Zhao
G-84,Subgroup 3,5175,Liam Sharma
G-84,Subgroup 4,5162,Evelyn Tan
G-84,Subgroup 4,5159,Charlotte Chen
G-84,Subgroup 4,5178,Nana Ohashi
G-84,Subgroup 4,5166,Hiroki Matsusaka
G-84,Subgroup 4,5173,Leo Chen
G-84,Subgroup 5,5171,Kavya Menon
G-84,Subgroup 5,5174,Li Mei
G-84,Subgroup 5,5172,Kiran Menon
G-84,Subgroup 5,5180,Oka Susilo
G-84,Subgroup 5,5183,Rajiv Nair
G-84,Subgroup 6,5177,Mira Ong
G-84,Subgroup 6,5157,Brooke Tan
G-84,Subgroup 6,5153,Aubree Kelly
G-84,Subgroup 6,5181,Owen Ramirez
G-84,Subgroup 6,5182,Pranav Nair
G-84,Subgroup 7,5184,Rani Devi
G-84,Subgroup 7,5186,Sadie Wang
G-84,Subgroup 7,5179,Ning Hui
G-84,Subgroup 7,5151,Aarav Sharma
G-84,Subgroup 7,5167,Imran Khan
G-84,Subgroup 8,5185,Sabrina Binti Ghazali
G-84,Subgroup 8,5195,Xue Mei
G-84,Subgroup 8,5196,Yukiko Takahashi
G-84,Subgroup 8,5163,Faris Abdul
G-84,Subgroup 8,5193,Vignesh Nair
G-84,Subgroup 9,5188,Serena Tan
G-84,Subgroup 9,5160,Diana Binti Jasmi
G-84,Subgroup 9,5158,Celeste Bautista
G-84,Subgroup 9,5194,William Taylor
G-84,Subgroup 9,5189,Silas Wong
G-84,Subgroup 10,5199,Zoe Bailey
G-84,Subgroup 10,5191,Siti Nurhaliza
G-84,Subgroup 10,5198,Zhen Yi Tan
G-84,Subgroup 10,5155,Bobby Chua
G-84,Subgroup 10,5152,Ajay Singh
G-85,Subgroup 1,5211,Isabella Robinson
G-85,Subgroup 1,5218,Kavya Reddy
G-85,Subgroup 1,5229,Ngoc Nguyen
G-85,Subgroup 1,5208,Hiroshi Sato
G-85,Subgroup 1,5202,Chris Tan
G-85,Subgroup 2,5217,Kavita Rao
G-85,Subgroup 2,5220,Kira Chen
G-85,Subgroup 2,5241,Shikha Gupta
G-85,Subgroup 2,5210,Imran Ashraf
G-85,Subgroup 2,5213,Jin Tao
G-85,Subgroup 3,5234,Sahar Jamil
G-85,Subgroup 3,5242,Shirley Ong
G-85,Subgroup 3,5227,Maliha Khan
G-85,Subgroup 3,5203,Cody Evans
G-85,Subgroup 3,5247,Tuan Nguyen
G-85,Subgroup 4,5243,Simran Jain
G-85,Subgroup 4,5239,Selena Liu
G-85,Subgroup 4,5232,Rani Patel
G-85,Subgroup 4,5235,Sameer Kapoor
G-85,Subgroup 4,5206,Ethan Zhou
G-85,Subgroup 5,5215,Kavita Joshi
G-85,Subgroup 5,5224,Lily Moore
G-85,Subgroup 5,5240,Sharon Lim
G-85,Subgroup 5,5219,Khalid Amir
G-85,Subgroup 5,5230,Owais Hussain
G-85,Subgroup 6,5221,Lillian Rivera
G-85,Subgroup 6,5205,Emma Bryant
G-85,Subgroup 6,5204,Elena Liu
G-85,Subgroup 6,5212,Isaiah Foster
G-85,Subgroup 6,5236,Samuel Zhao
G-85,Subgroup 7,5244,Sofia Zhang
G-85,Subgroup 7,5249,Zara Patel
G-85,Subgroup 7,5222,Lily Ho
G-85,Subgroup 7,5225,Lucas Mitchell
G-85,Subgroup 7,5214,Kaito Saito
G-85,Subgroup 8,5228,Megan Yang
G-85,Subgroup 8,5216,Kavita Mehta
G-85,Subgroup 8,5248,Yoko Nagano
G-85,Subgroup 8,5233,Ryan Taylor
G-85,Subgroup 8,5226,Luka Liu
G-85,Subgroup 9,5238,Scarlett Mitchell
G-85,Subgroup 9,5201,Belle Chen
G-85,Subgroup 9,5237,Scarlett Hernandez
G-85,Subgroup 9,5209,Hoang Minh Hieu
G-85,Subgroup 9,5200,Arjun Tan
G-85,Subgroup 10,5245,Sophie Zhang
G-85,Subgroup 10,5231,Pooja Singh
G-85,Subgroup 10,5223,Lily Mitchell
G-85,Subgroup 10,5246,Tao Chen
G-85,Subgroup 10,5207,Gabriel Morris
G-86,Subgroup 1,5268,Isla Li
G-86,Subgroup 1,5285,Nashit Ali
G-86,Subgroup 1,5274,Jin Tan
G-86,Subgroup 1,5276,Justin Tan
G-86,Subgroup 1,5255,Bess Parker
G-86,Subgroup 2,5279,Kylie Wang
G-86,Subgroup 2,5265,Diana Lee
G-86,Subgroup 2,5275,Joyce Lim
G-86,Subgroup 2,5284,Mohsin Ali
G-86,Subgroup 2,5256,Brenda Tan
G-86,Subgroup 3,5290,Sabrina Lim
G-86,Subgroup 3,5266,Faye Ng
G-86,Subgroup 3,5269,Jacob Davis
G-86,Subgroup 3,5267,Hannah Cook
G-86,Subgroup 3,5280,Lina Binti Salleh
G-86,Subgroup 4,5294,Sophie Ross
G-86,Subgroup 4,5295,Sophie Wong
G-86,Subgroup 4,5277,Keng Jie Tan
G-86,Subgroup 4,5288,Priya Joshi
G-86,Subgroup 4,5298,Zane Wu
G-86,Subgroup 5,5253,Alya Binti
G-86,Subgroup 5,5250,Ahsan Iqbal
G-86,Subgroup 5,5287,Philip Harris
G-86,Subgroup 5,5264,Desmond Chen
G-86,Subgroup 5,5273,Jian Chen
G-86,Subgroup 6,5263,Delilah Tsai
G-86,Subgroup 6,5251,Alex Chan
G-86,Subgroup 6,5289,Rita Wong
G-86,Subgroup 6,5258,Catherine Wong
G-86,Subgroup 6,5299,Zulfiqar Bin Rahman
G-86,Subgroup 7,5271,Jasmin Ali
G-86,Subgroup 7,5252,Ali Hasan
G-86,Subgroup 7,5281,Lina Cheng
G-86,Subgroup 7,5272,Jessica Chen
G-86,Subgroup 7,5260,Dahlia Freeman
G-86,Subgroup 8,5259,Chad Tan
G-86,Subgroup 8,5286,Nolan Reed
G-86,Subgroup 8,5283,Mila Chen
G-86,Subgroup 8,5292,Sergey Fedorov
G-86,Subgroup 8,5293,Siti Fatimah
G-86,Subgroup 9,5262,David Stewart
G-86,Subgroup 9,5296,Usman Ali
G-86,Subgroup 9,5297,Vaishali Singh
G-86,Subgroup 9,5291,Samantha Hughes
G-86,Subgroup 9,5261,Dapeng
G-86,Subgroup 10,5278,Kota Suzuki
G-86,Subgroup 10,5254,Asher Brooks
G-86,Subgroup 10,5282,Lydia Carter
G-86,Subgroup 10,5270,Jae-Won Oh
G-86,Subgroup 10,5257,Caleb Liu
G-87,Subgroup 1,5302,Aria White
G-87,Subgroup 1,5320,Lia Nguyen
G-87,Subgroup 1,5303,Ava Tan
G-87,Subgroup 1,5339,Serena Lim
G-87,Subgroup 1,5334,Ravi Mehta
G-87,Subgroup 2,5304,Benedict Cruz
G-87,Subgroup 2,5329,Naila Rani
G-87,Subgroup 2,5335,Ruiying
G-87,Subgroup 2,5319,Kunal Yadav
G-87,Subgroup 2,5312,Hana Suzuki
G-87,Subgroup 3,5348,Zayne Jackson
G-87,Subgroup 3,5342,Tina Lee
G-87,Subgroup 3,5337,Saman Bukhari
G-87,Subgroup 3,5336,Ryder Harris
G-87,Subgroup 3,5347,Zarina Malik
G-87,Subgroup 4,5301,Alyssa Liu
G-87,Subgroup 4,5321,Liam Zhao
G-87,Subgroup 4,5349,Zhong Li
G-87,Subgroup 4,5311,Gaurav Mehta
G-87,Subgroup 4,5331,Noah Qian
G-87,Subgroup 5,5317,Kajal Desai
G-87,Subgroup 5,5330,Nguyen Minh Hoang
G-87,Subgroup 5,5305,Charlie Li
G-87,Subgroup 5,5300,Alia Kapoor
G-87,Subgroup 5,5308,Ella Lewis
G-87,Subgroup 6,5325,Meera Tan
G-87,Subgroup 6,5309,Elsie Zhao
G-87,Subgroup 6,5328,Nadia Lim
G-87,Subgroup 6,5340,Soo-Young Park
G-87,Subgroup 6,5323,Logan Lewis
G-87,Subgroup 7,5326,Mika Kobayashi
G-87,Subgroup 7,5310,Emmett Carter
G-87,Subgroup 7,5343,Victoria Flores
G-87,Subgroup 7,5344,Violet Lau
G-87,Subgroup 7,5346,Yifan Zhao
G-87,Subgroup 8,5332,Olivia Scott
G-87,Subgroup 8,5314,Hao Yang
G-87,Subgroup 8,5315,Huma Iqbal
G-87,Subgroup 8,5324,Lydia Diaz
G-87,Subgroup 8,5341,Suresh Pillai
G-87,Subgroup 9,5333,Owais Iqbal
G-87,Subgroup 9,5345,Yang Jun Lim
G-87,Subgroup 9,5307,Chloe Adams
G-87,Subgroup 9,5338,Santiago Garcia
G-87,Subgroup 9,5322,Logan Kim
G-87,Subgroup 10,5313,Hannah Park
G-87,Subgroup 10,5316,Jae-Min Lim
G-87,Subgroup 10,5318,Kanika Iyer
G-87,Subgroup 10,5327,Miko Setiawan
G-87,Subgroup 10,5306,Cheng Yi
G-88,Subgroup 1,5356,Beckett Liu
G-88,Subgroup 1,5396,Yong Wei
G-88,Subgroup 1,5381,Pengfei
G-88,Subgroup 1,5397,Yuki Sato
G-88,Subgroup 1,5384,Qingyu
G-88,Subgroup 2,5385,Rashid Khan
G-88,Subgroup 2,5369,Kavya Nair
G-88,Subgroup 2,5374,Mason Clark
G-88,Subgroup 2,5354,Asher King
G-88,Subgroup 2,5372,Leonardo Santos
G-88,Subgroup 3,5389,Sergei Moroz
G-88,Subgroup 3,5391,Sophie Lim
G-88,Subgroup 3,5360,Derek Xu
G-88,Subgroup 3,5367,Jaxon Ward
G-88,Subgroup 3,5368,Katrina Ong
G-88,Subgroup 4,5370,Landon Zhao
G-88,Subgroup 4,5355,Averie Lin
G-88,Subgroup 4,5392,Usman Tariq
G-88,Subgroup 4,5378,Nina Binti Ismail
G-88,Subgroup 4,5357,Brayden Cooper
G-88,Subgroup 5,5359,Daphne Tsai
G-88,Subgroup 5,5393,Vera Ong
G-88,Subgroup 5,5373,Liangyu
G-88,Subgroup 5,5388,Sanya Bansal
G-88,Subgroup 5,5363,Fei Wang
G-88,Subgroup 6,5377,Naoko Nishiyama
G-88,Subgroup 6,5382,Pengfei
G-88,Subgroup 6,5375,Megan Ortiz
G-88,Subgroup 6,5364,Gaurav Nair
G-88,Subgroup 6,5351,Aiko Suzuki
G-88,Subgroup 7,5387,Riya Suresh
G-88,Subgroup 7,5376,Musa Khan
G-88,Subgroup 7,5380,Pablo Mendoza
G-88,Subgroup 7,5390,Siddharth Rao
G-88,Subgroup 7,5399,Zhao Ming
G-88,Subgroup 8,5398,Yuki Suzuki
G-88,Subgroup 8,5366,Jade Bell
G-88,Subgroup 8,5352,Ameen Malik
G-88,Subgroup 8,5394,Wei Jie Yeo
G-88,Subgroup 8,5365,Gita Kristina
G-88,Subgroup 9,5383,Petrus Santoso
G-88,Subgroup 9,5371,Layla Moore
G-88,Subgroup 9,5362,Elliot Bautista
G-88,Subgroup 9,5358,Dante Lee
G-88,Subgroup 9,5386,Rehan Tariq
G-88,Subgroup 10,5379,Oliver Davis
G-88,Subgroup 10,5353,Anjali Bansal
G-88,Subgroup 10,5395,Xena Alvarado
G-88,Subgroup 10,5361,Eleanor Hayes
G-88,Subgroup 10,5350,Aiden Huang
G-89,Subgroup 1,5445,Yani Lestari
G-89,Subgroup 1,5411,Dante Tan
G-89,Subgroup 1,5432,Nadia Bukhari
G-89,Subgroup 1,5443,Victoria Bell
G-89,Subgroup 1,5438,Sana Khan
G-89,Subgroup 2,5407,Cameron Torres
G-89,Subgroup 2,5416,Felix Yang
G-89,Subgroup 2,5447,Yvette Clarke
G-89,Subgroup 2,5446,Yasmin Yip
G-89,Subgroup 2,5434,Peter Harris
G-89,Subgroup 3,5403,Alexandra Orlova
G-89,Subgroup 3,5422,Isaac Lee
G-89,Subgroup 3,5436,Quincy Alvarado
G-89,Subgroup 3,5421,Huanyu
G-89,Subgroup 3,5437,Quinlan Alonzo
G-89,Subgroup 4,5408,Carmen Torres
G-89,Subgroup 4,5400,Ahsan Waseem
G-89,Subgroup 4,5406,Belinda Ong
G-89,Subgroup 4,5448,Zachary Zhang
G-89,Subgroup 4,5418,Fiona Parker
G-89,Subgroup 5,5417,Fengjie
G-89,Subgroup 5,5402,Ajay Kumar
G-89,Subgroup 5,5409,Chloe Hall
G-89,Subgroup 5,5420,Harry Chua
G-89,Subgroup 5,5410,Cynthia Ng
G-89,Subgroup 6,5441,Sienna Lin
G-89,Subgroup 6,5425,Kieran Lewis
G-89,Subgroup 6,5401,Aisha Binti Ahmad
G-89,Subgroup 6,5414,Ella White
G-89,Subgroup 6,5442,Taeyang Kim
G-89,Subgroup 7,5415,Felix Lim
G-89,Subgroup 7,5426,Landon Wood
G-89,Subgroup 7,5433,Nadia Lee
G-89,Subgroup 7,5427,Leo Salazar
G-89,Subgroup 7,5405,Ananya Iyer
G-89,Subgroup 8,5430,Ling Chen
G-89,Subgroup 8,5449,Zahra Sari
G-89,Subgroup 8,5413,Dong-Hoon Park
G-89,Subgroup 8,5439,Seung Cho
G-89,Subgroup 8,5428,Liam Wu
G-89,Subgroup 9,5423,Kian Wei Lim
G-89,Subgroup 9,5431,Miki Nishimura
G-89,Subgroup 9,5404,Amira Yusof
G-89,Subgroup 9,5435,Puneet Kumar
G-89,Subgroup 9,5429,Lily Evans
G-89,Subgroup 10,5444,Xiang Chen
G-89,Subgroup 10,5412,David Lewis
G-89,Subgroup 10,5419,Hadley Chen
G-89,Subgroup 10,5440,Shen Ming
G-89,Subgroup 10,5424,Kiara Tan
G-9,Subgroup 1,5455,Anika Sharma
G-9,Subgroup 1,5478,Lucas Ramirez
G-9,Subgroup 1,5461,Eli Brown
G-9,Subgroup 1,5480,Na Li
G-9,Subgroup 1,5481,Naman Singh
G-9,Subgroup 2,5462,Evangeline Rivera
G-9,Subgroup 2,5483,Nicolas Xu
G-9,Subgroup 2,5491,Rohan Nair
G-9,Subgroup 2,5489,Ravi Kumar
G-9,Subgroup 2,5482,Nancy Tan
G-9,Subgroup 3,5465,Felicia Cheung
G-9,Subgroup 3,5464,Farah Rahman
G-9,Subgroup 3,5479,Mimi Binti Rahman
G-9,Subgroup 3,5473,Lena Chen
G-9,Subgroup 3,5472,Kiran Mehta
G-9,Subgroup 4,5487,Quiana Villanueva
G-9,Subgroup 4,5470,Katherine Sari
G-9,Subgroup 4,5486,Peizhen
G-9,Subgroup 4,5450,Aarav Kumar
G-9,Subgroup 4,5477,Lily Cheng
G-9,Subgroup 5,5492,Sharon Goh
G-9,Subgroup 5,5496,Umar Faisal
G-9,Subgroup 5,5488,Rafael Gonzalez
G-9,Subgroup 5,5451,Aayush Gupta
G-9,Subgroup 5,5454,Andre Green
G-9,Subgroup 6,5460,Darren Lee
G-9,Subgroup 6,5497,Violet Wang
G-9,Subgroup 6,5476,Lillian Wu
G-9,Subgroup 6,5453,Amir Ali
G-9,Subgroup 6,5493,Soo-Jung Kim
G-9,Subgroup 7,5490,Riley Parker
G-9,Subgroup 7,5458,Bryan Villanueva
G-9,Subgroup 7,5499,Yuri Li
G-9,Subgroup 7,5471,Kieran Kim
G-9,Subgroup 7,5494,Tania Noor
G-9,Subgroup 8,5457,Aurora Chang
G-9,Subgroup 8,5498,Ying Wang
G-9,Subgroup 8,5485,Parker Li
G-9,Subgroup 8,5452,Adeline Ng
G-9,Subgroup 8,5466,Fumiko Yamashita
G-9,Subgroup 9,5467,Hannah Li
G-9,Subgroup 9,5456,Arif Hussain
G-9,Subgroup 9,5474,Liam Tan
G-9,Subgroup 9,5469,Jin-Ho Park
G-9,Subgroup 9,5484,Nisha Patel
G-9,Subgroup 10,5468,Henry Clark
G-9,Subgroup 10,5459,Chandni Kapoor
G-9,Subgroup 10,5475,Lian Zhang
G-9,Subgroup 10,5463,Faisal Noor
G-9,Subgroup 10,5495,Tanvi Sinha
G-90,Subgroup 1,5501,Alyssa Parker
G-90,Subgroup 1,5525,Mei Li
G-90,Subgroup 1,5533,Oliver Chen
G-90,Subgroup 1,5549,Zara Rivera
G-90,Subgroup 1,5528,Nadia Pineda
G-90,Subgroup 2,5522,Liang Chen
G-90,Subgroup 2,5538,Romy Hughes
G-90,Subgroup 2,5500,Aditi Verma
G-90,Subgroup 2,5542,Sandeep Kumar
G-90,Subgroup 2,5547,Yuna Kim
G-90,Subgroup 3,5516,Jiang Bo
G-90,Subgroup 3,5504,Celia Wang
G-90,Subgroup 3,5527,Mila Richardson
G-90,Subgroup 3,5513,Gracie Mendoza
G-90,Subgroup 3,5502,Anthony Grant
G-90,Subgroup 4,5535,Oscar Ho
G-90,Subgroup 4,5505,Chandra Dewi
G-90,Subgroup 4,5511,Dmitry Ivanovich
G-90,Subgroup 4,5517,Jingyi Li
G-90,Subgroup 4,5545,Usman Malik
G-90,Subgroup 5,5541,Samiullah Tariq
G-90,Subgroup 5,5548,Yunfeng
G-90,Subgroup 5,5518,Karthik Reddy
G-90,Subgroup 5,5526,Meisha Mehta
G-90,Subgroup 5,5539,Sakura Yoshida
G-90,Subgroup 6,5503,Bennett Zhang
G-90,Subgroup 6,5507,Chloe King
G-90,Subgroup 6,5530,Nathan Lim
G-90,Subgroup 6,5534,Oliver Cheng
G-90,Subgroup 6,5536,Rajesh Mehta
G-90,Subgroup 7,5508,Dai Sato
G-90,Subgroup 7,5514,Hania Khan
G-90,Subgroup 7,5520,Liam Brown
G-90,Subgroup 7,5537,Rida Awan
G-90,Subgroup 7,5509,David Young
G-90,Subgroup 8,5510,Dingming
G-90,Subgroup 8,5519,Lakshmi Nair
G-90,Subgroup 8,5543,Sofiya Khan
G-90,Subgroup 8,5544,Sonia Lee
G-90,Subgroup 8,5546,Vince Mendoza
G-90,Subgroup 9,5529,Nathan Kim
G-90,Subgroup 9,5540,Samira Younis
G-90,Subgroup 9,5506,Chengwei
G-90,Subgroup 9,5521,Liam Davis
G-90,Subgroup 9,5512,Evelyn Clark
G-90,Subgroup 10,5523,Lila Morgan
G-90,Subgroup 10,5515,Jaden Dela Cruz
G-90,Subgroup 10,5524,Maya Mehta
G-90,Subgroup 10,5532,Nikhil Singhal
G-90,Subgroup 10,5531,Neha Verma
G-91,Subgroup 1,5591,Vikram Rao
G-91,Subgroup 1,5552,Akash Choudhary
G-91,Subgroup 1,5568,Karthik Nair
G-91,Subgroup 1,5580,Qiao Min
G-91,Subgroup 1,5594,Xavier Cox
G-91,Subgroup 2,5554,Alyssa Yeo
G-91,Subgroup 2,5562,Gavin Tan
G-91,Subgroup 2,5599,Zheng Li
G-91,Subgroup 2,5567,Hui Ling Ng
G-91,Subgroup 2,5558,Clara Xu
G-91,Subgroup 3,5560,Exiang
G-91,Subgroup 3,5571,Landon Liu
G-91,Subgroup 3,5565,Haris Malik
G-91,Subgroup 3,5575,Michael Zhang
G-91,Subgroup 3,5579,Parker Martin
G-91,Subgroup 4,5569,Kira Sato
G-91,Subgroup 4,5581,Raymond Lim
G-91,Subgroup 4,5589,Tristan Zhang
G-91,Subgroup 4,5573,Lyra Tsai
G-91,Subgroup 4,5576,Nadia Aziz
G-91,Subgroup 5,5590,Uli Dwi
G-91,Subgroup 5,5557,Charlotte Anderson
G-91,Subgroup 5,5595,Xing Wei
G-91,Subgroup 5,5584,Samia Khan
G-91,Subgroup 5,5553,Alya Binti Harun
G-91,Subgroup 6,5572,Lily Rogers
G-91,Subgroup 6,5563,Gunnar Yang
G-91,Subgroup 6,5550,Aiyun Zhou
G-91,Subgroup 6,5564,Ha Tran
G-91,Subgroup 6,5555,Andrew Wong
G-91,Subgroup 7,5574,Mia Sun
G-91,Subgroup 7,5582,Ryan Peterson
G-91,Subgroup 7,5593,Xander Wang
G-91,Subgroup 7,5587,Tallulah Tan
G-91,Subgroup 7,5585,Samuel Lim
G-91,Subgroup 8,5583,Samantha Ng
G-91,Subgroup 8,5592,Wei Ming
G-91,Subgroup 8,5570,Kiran Nair
G-91,Subgroup 8,5559,Elena Morales
G-91,Subgroup 8,5556,Aria Wang
G-91,Subgroup 9,5586,Sofia Lin
G-91,Subgroup 9,5596,Yoko Taniguchi
G-91,Subgroup 9,5598,Zane Chen
G-91,Subgroup 9,5561,Fatima Ali
G-91,Subgroup 9,5588,Tanisha Malhotra
G-91,Subgroup 10,5597,Zainab Binti Musa
G-91,Subgroup 10,5551,Ajay Thakur
G-91,Subgroup 10,5577,Nina Wong
G-91,Subgroup 10,5578,Oliver Chen
G-91,Subgroup 10,5566,Huang Wei Lim
G-92,Subgroup 1,5601,Amit Chandra
G-92,Subgroup 1,5614,Ilya Semyonov
G-92,Subgroup 1,5648,Xander Yip
G-92,Subgroup 1,5608,Fathima Khan
G-92,Subgroup 1,5603,Aria Patel
G-92,Subgroup 2,5612,Heng Wei
G-92,Subgroup 2,5635,Ricky Tan
G-92,Subgroup 2,5644,Tariq Khan
G-92,Subgroup 2,5630,Nicolas Brown
G-92,Subgroup 2,5642,Sasha Lim
G-92,Subgroup 3,5619,Kevin Chang
G-92,Subgroup 3,5631,Qais Bin Mohd
G-92,Subgroup 3,5647,Vincent Wong
G-92,Subgroup 3,5637,Salina Binti Omar
G-92,Subgroup 3,5626,Megan Tan
G-92,Subgroup 4,5606,Ella Ramirez
G-92,Subgroup 4,5646,Tobias Li
G-92,Subgroup 4,5610,Harper Chen
G-92,Subgroup 4,5622,Lan Xiu
G-92,Subgroup 4,5645,Tatiana Ivanovna
G-92,Subgroup 5,5624,Lily Smith
G-92,Subgroup 5,5604,Avery Reyes
G-92,Subgroup 5,5620,Khanh Nguyen
G-92,Subgroup 5,5639,Samuel Robinson
G-92,Subgroup 5,5627,Michael Brown
G-92,Subgroup 6,5636,Riley Green
G-92,Subgroup 6,5605,Carter Young
G-92,Subgroup 6,5629,Nico Lim
G-92,Subgroup 6,5634,Rania Noor
G-92,Subgroup 6,5640,Sara Zhang
G-92,Subgroup 7,5602,Anum Iqbal
G-92,Subgroup 7,5600,Abigail Lee
G-92,Subgroup 7,5609,Hao Jun Lim
G-92,Subgroup 7,5623,Leo Turner
G-92,Subgroup 7,5649,Zane Tan
G-92,Subgroup 8,5607,Erica Chen
G-92,Subgroup 8,5618,Jing Chen
G-92,Subgroup 8,5616,Jessie Tan
G-92,Subgroup 8,5621,Kuzaimi Bin Rahman
G-92,Subgroup 8,5615,Jasmine Zhao
G-92,Subgroup 9,5641,Sarah Kelly
G-92,Subgroup 9,5643,Shalini Rao
G-92,Subgroup 9,5638,Samantha Evans
G-92,Subgroup 9,5613,Husni Bin Mohd
G-92,Subgroup 9,5632,Qistina Binti Mohd
G-92,Subgroup 10,5611,Harris Rahman
G-92,Subgroup 10,5625,Lucas Lee
G-92,Subgroup 10,5633,Quin Tsang
G-92,Subgroup 10,5617,Jett Green
G-92,Subgroup 10,5628,Ming Zhou
G-93,Subgroup 1,5655,Anu Joshi
G-93,Subgroup 1,5661,Cika Puspita
G-93,Subgroup 1,5684,Rania Binti Ali
G-93,Subgroup 1,5677,Maxwell Li
G-93,Subgroup 1,5699,Zhi Zhen
G-93,Subgroup 2,5651,Aisha Binti
G-93,Subgroup 2,5694,Xiu Zhen Tan
G-93,Subgroup 2,5687,Sari Rakhmawati
G-93,Subgroup 2,5662,Darren Yeo
G-93,Subgroup 2,5660,Chau Tran
G-93,Subgroup 3,5663,Disha Mehta
G-93,Subgroup 3,5678,Meera Iyer
G-93,Subgroup 3,5676,Lydia Bennett
G-93,Subgroup 3,5666,Henry Lin
G-93,Subgroup 3,5659,Charles Cooper
G-93,Subgroup 4,5670,Khalisah Binti Mohd
G-93,Subgroup 4,5693,Willow Bennett
G-93,Subgroup 4,5682,Pamela Tan
G-93,Subgroup 4,5674,Logan Perry
G-93,Subgroup 4,5664,Finn Walker
G-93,Subgroup 5,5679,Niamh Wright
G-93,Subgroup 5,5698,Zara Johnson
G-93,Subgroup 5,5689,Sonia Kapoor
G-93,Subgroup 5,5692,Ulysses Yip
G-93,Subgroup 5,5650,Adeel Hussain
G-93,Subgroup 6,5688,Sofia Williams
G-93,Subgroup 6,5656,Anya Tan
G-93,Subgroup 6,5696,Zainab Malik
G-93,Subgroup 6,5657,Benjamin Zhang
G-93,Subgroup 6,5675,Lucas Ong
G-93,Subgroup 7,5654,Anjali Joshi
G-93,Subgroup 7,5665,Fitriani Rahayu
G-93,Subgroup 7,5668,Holly Zhang
G-93,Subgroup 7,5669,Joseph Parker
G-93,Subgroup 7,5685,Rohan Bhatt
G-93,Subgroup 8,5671,Kriti Jain
G-93,Subgroup 8,5691,Tran Thi Luong
G-93,Subgroup 8,5690,Tanya Mohan
G-93,Subgroup 8,5680,Oliver Wright
G-93,Subgroup 8,5697,Zane Chan
G-93,Subgroup 9,5681,Omar Khan
G-93,Subgroup 9,5652,Akemi Saito
G-93,Subgroup 9,5658,Carter Liu
G-93,Subgroup 9,5653,Aman Kumar
G-93,Subgroup 9,5683,Peizhen
G-93,Subgroup 10,5673,Lily White
G-93,Subgroup 10,5686,Ronghua
G-93,Subgroup 10,5667,Hiroshi Tanaka
G-93,Subgroup 10,5695,Yuan Lei
G-93,Subgroup 10,5672,Liam Ng
G-94,Subgroup 1,5749,Zara Khan
G-94,Subgroup 1,5706,Charlotte Foster
G-94,Subgroup 1,5717,Ishika Roy
G-94,Subgroup 1,5722,Lara Wong
G-94,Subgroup 1,5701,Ahmed Choudhary
G-94,Subgroup 2,5718,Ivy Lin
G-94,Subgroup 2,5745,Sofia Cooper
G-94,Subgroup 2,5738,Riley Turner
G-94,Subgroup 2,5732,Nikhil Bansal
G-94,Subgroup 2,5711,Ezekiel Li
G-94,Subgroup 3,5737,Peixuan
G-94,Subgroup 3,5726,Margaret Tan
G-94,Subgroup 3,5715,Hannah Morris
G-94,Subgroup 3,5713,Freddy Wong
G-94,Subgroup 3,5746,Spencer Xu
G-94,Subgroup 4,5742,Scarlett Collins
G-94,Subgroup 4,5735,Paola Santos
G-94,Subgroup 4,5723,Layla Alvi
G-94,Subgroup 4,5702,Ajay Bansal
G-94,Subgroup 4,5736,Parker Wu
G-94,Subgroup 5,5748,Zainab Rehman
G-94,Subgroup 5,5704,Anita Devi
G-94,Subgroup 5,5731,Nida Javed
G-94,Subgroup 5,5703,Amir Bin Khair
G-94,Subgroup 5,5747,Wang Wei
G-94,Subgroup 6,5708,Chloe Robinson
G-94,Subgroup 6,5730,Natalia Chen
G-94,Subgroup 6,5714,Gracie Hall
G-94,Subgroup 6,5720,James Nelson
G-94,Subgroup 6,5725,Lorenzo Wu
G-94,Subgroup 7,5743,Shan Mei
G-94,Subgroup 7,5744,Sheela Krishnan
G-94,Subgroup 7,5739,Riya Kapoor
G-94,Subgroup 7,5727,Mason Lee
G-94,Subgroup 7,5700,Adriel Tan
G-94,Subgroup 8,5707,Chloe Davis
G-94,Subgroup 8,5728,Maya Huang
G-94,Subgroup 8,5733,Paige Wong
G-94,Subgroup 8,5719,Jackson Allen
G-94,Subgroup 8,5721,Kade Wu
G-94,Subgroup 9,5709,Cindy Tan
G-94,Subgroup 9,5712,Fatimah Noor
G-94,Subgroup 9,5729,Nan Liu
G-94,Subgroup 9,5724,Long Thi Bich
G-94,Subgroup 9,5716,Houston Chen
G-94,Subgroup 10,5734,Pallavi Reddy
G-94,Subgroup 10,5710,Ella Tan
G-94,Subgroup 10,5741,Saanvi Verma
G-94,Subgroup 10,5705,Caleb Hughes
G-94,Subgroup 10,5740,Rully Prabowo
G-95,Subgroup 1,5794,Souta Watanabe
G-95,Subgroup 1,5768,Kenta Matsumoto
G-95,Subgroup 1,5779,Matthew Baker
G-95,Subgroup 1,5777,Malaya Chen
G-95,Subgroup 1,5766,Kanya Setiawati
G-95,Subgroup 2,5750,Adil Khan
G-95,Subgroup 2,5788,Rizky Hidayat
G-95,Subgroup 2,5751,Aditya Bansal
G-95,Subgroup 2,5753,Anam Iqbal
G-95,Subgroup 2,5771,Layla Tan
G-95,Subgroup 3,5759,Darren Scott
G-95,Subgroup 3,5787,Rishabh Yadav
G-95,Subgroup 3,5782,Nianzu
G-95,Subgroup 3,5776,Madeline Wu
G-95,Subgroup 3,5774,Lijun
G-95,Subgroup 4,5790,Saqib Khan
G-95,Subgroup 4,5765,Jesse Bennett
G-95,Subgroup 4,5756,Carter Li
G-95,Subgroup 4,5789,Saniya Ali
G-95,Subgroup 4,5754,Aubrey Collins
G-95,Subgroup 5,5793,Siddharth Patil
G-95,Subgroup 5,5761,Hui Ying Tan
G-95,Subgroup 5,5773,Liam Yu
G-95,Subgroup 5,5763,Isabella White
G-95,Subgroup 5,5772,Li Jing
G-95,Subgroup 6,5797,Yong Cheng Tan
G-95,Subgroup 6,5762,Igor Kuznetsov
G-95,Subgroup 6,5769,Koh Tze
G-95,Subgroup 6,5791,Scarlett Lee
G-95,Subgroup 6,5798,Zara Binti Zain
G-95,Subgroup 7,5757,Christopher Martinez
G-95,Subgroup 7,5783,Quincy Ramos
G-95,Subgroup 7,5780,Ming Wei
G-95,Subgroup 7,5778,Manisha Wadhwa
G-95,Subgroup 7,5796,Ying Hui
G-95,Subgroup 8,5795,Subhash Yadav
G-95,Subgroup 8,5786,Riku Nakamura
G-95,Subgroup 8,5781,Ming Yu
G-95,Subgroup 8,5775,Lillian Cooper
G-95,Subgroup 8,5760,Emily Ho
G-95,Subgroup 9,5752,Ailin
G-95,Subgroup 9,5755,Caden Rivera
G-95,Subgroup 9,5784,Quinton Young
G-95,Subgroup 9,5785,Raegan Chen
G-95,Subgroup 9,5758,Dahlia Cooper
G-95,Subgroup 10,5767,Kartik Nair
G-95,Subgroup 10,5764,Jae-Min Park
G-95,Subgroup 10,5770,Kunal Joshi
G-95,Subgroup 10,5792,Selah Lin
G-95,Subgroup 10,5799,Zara Noor
G-96,Subgroup 1,5806,Caiyun
G-96,Subgroup 1,5833,Ranya Al-Mansoori
G-96,Subgroup 1,5813,Ellie Bell
G-96,Subgroup 1,5821,Jack Peterson
G-96,Subgroup 1,5805,Ayaan Shah
G-96,Subgroup 2,5846,Zahra Lestari
G-96,Subgroup 2,5847,Zara Ali
G-96,Subgroup 2,5800,Aditi Chai
G-96,Subgroup 2,5825,Liam Wang
G-96,Subgroup 2,5810,Dhruv Srivastava
G-96,Subgroup 3,5817,Fang Xiu
G-96,Subgroup 3,5812,Ella Wright
G-96,Subgroup 3,5814,Ellie Rivera
G-96,Subgroup 3,5802,Alexander Green
G-96,Subgroup 3,5842,Victor Santos
G-96,Subgroup 4,5816,Faisal Bukhari
G-96,Subgroup 4,5830,Olive Lim
G-96,Subgroup 4,5829,Nadia Binti Ahmad
G-96,Subgroup 4,5809,Derek Chen
G-96,Subgroup 4,5808,Cody Evans
G-96,Subgroup 5,5822,Jessica Tan
G-96,Subgroup 5,5801,Aisha Binti Rahman
G-96,Subgroup 5,5818,Gwen Kwan
G-96,Subgroup 5,5815,Ethan Harris
G-96,Subgroup 5,5824,Kunal Sinha
G-96,Subgroup 6,5836,Samantha Flores
G-96,Subgroup 6,5834,Rida Iqbal
G-96,Subgroup 6,5838,Sophia Smith
G-96,Subgroup 6,5831,Oscar Lim
G-96,Subgroup 6,5845,Yun Chen
G-96,Subgroup 7,5839,Sophie Taylor
G-96,Subgroup 7,5840,Una Kaur
G-96,Subgroup 7,5841,Vera Smith
G-96,Subgroup 7,5807,Chad Dela Cruz
G-96,Subgroup 7,5826,Liang Bo
G-96,Subgroup 8,5849,Zhaofeng
G-96,Subgroup 8,5844,Yumiko Watanabe
G-96,Subgroup 8,5843,Ying Xue
G-96,Subgroup 8,5827,Manish Verma
G-96,Subgroup 8,5823,Jin-Soo Lee
G-96,Subgroup 9,5828,Marina Tan
G-96,Subgroup 9,5835,Ritika Mehta
G-96,Subgroup 9,5819,Huilin
G-96,Subgroup 9,5820,Isaiah Li
G-96,Subgroup 9,5848,Zhao Lei
G-96,Subgroup 10,5832,Patty Lim
G-96,Subgroup 10,5803,Anjali Tiwari
G-96,Subgroup 10,5804,Asher Li
G-96,Subgroup 10,5837,Samuel Robinson
G-96,Subgroup 10,5811,Dmitri Andreevich
G-97,Subgroup 1,5884,Olive Wong
G-97,Subgroup 1,5883,Mei Xuan Tan
G-97,Subgroup 1,5899,Zohra Khan
G-97,Subgroup 1,5875,Layla Zhao
G-97,Subgroup 1,5898,Zhou Wei
G-97,Subgroup 2,5891,Siti Aminah Binti Ibrahim
G-97,Subgroup 2,5856,Ayesha Siddiqui
G-97,Subgroup 2,5855,Asha Rahman
G-97,Subgroup 2,5862,Diana Khan
G-97,Subgroup 2,5877,Long Thi Bich
G-97,Subgroup 3,5868,Jin-Ah Kim
G-97,Subgroup 3,5870,Keira Martinez
G-97,Subgroup 3,5879,Maya Chua
G-97,Subgroup 3,5878,Margo Wang
G-97,Subgroup 3,5853,Ali Raza
G-97,Subgroup 4,5869,Kaira Lim
G-97,Subgroup 4,5888,Rongxian
G-97,Subgroup 4,5854,Aria Thompson
G-97,Subgroup 4,5866,Jasmine Wong
G-97,Subgroup 4,5864,Grayson Wright
G-97,Subgroup 5,5871,Kinsley Price
G-97,Subgroup 5,5897,Xiu Ying
G-97,Subgroup 5,5865,Hannah Rogers
G-97,Subgroup 5,5857,Bashir Raza
G-97,Subgroup 5,5887,Quinn Yip
G-97,Subgroup 6,5873,Kiran Iyer
G-97,Subgroup 6,5881,Maya Wood
G-97,Subgroup 6,5889,Savannah Wood
G-97,Subgroup 6,5896,Wicaksono Adi
G-97,Subgroup 6,5893,Tony Tsang
G-97,Subgroup 7,5851,Akira Kobayashi
G-97,Subgroup 7,5894,Violet Lee
G-97,Subgroup 7,5885,Priti Choudhary
G-97,Subgroup 7,5861,Chao Zhang
G-97,Subgroup 7,5867,Jayden Chen
G-97,Subgroup 8,5858,Bella Ramirez
G-97,Subgroup 8,5860,Bohan
G-97,Subgroup 8,5872,Kira Dewi
G-97,Subgroup 8,5852,Alexander Mitchell
G-97,Subgroup 8,5859,Bodhi Yang
G-97,Subgroup 9,5880,Maya Gupta
G-97,Subgroup 9,5863,Emily Evans
G-97,Subgroup 9,5876,Lola Zhao
G-97,Subgroup 9,5874,Lachlan Thompson
G-97,Subgroup 9,5895,Wei Fang
G-97,Subgroup 10,5890,Scarlett Evans
G-97,Subgroup 10,5882,Mei Liu
G-97,Subgroup 10,5892,Tanya Acharya
G-97,Subgroup 10,5886,Quade Cruz
G-97,Subgroup 10,5850,Adrian Chen
G-98,Subgroup 1,5904,Asher Wang
G-98,Subgroup 1,5932,Matthew Evans
G-98,Subgroup 1,5909,Colton Bailey
G-98,Subgroup 1,5910,Dawn Lim
G-98,Subgroup 1,5935,Mindy Kwan
G-98,Subgroup 2,5911,Dhruv Singh
G-98,Subgroup 2,5946,Uriah Salazar
G-98,Subgroup 2,5941,Ryusei Nakamura
G-98,Subgroup 2,5913,Emily Li
G-98,Subgroup 2,5937,Nina Lin
G-98,Subgroup 3,5915,Gage Fisher
G-98,Subgroup 3,5901,Aiden Chen
G-98,Subgroup 3,5925,Judah Hall
G-98,Subgroup 3,5938,Paige Wang
G-98,Subgroup 3,5912,Diana Binti Mohd
G-98,Subgroup 4,5917,Haru Yamaguchi
G-98,Subgroup 4,5914,Finnley Brooks
G-98,Subgroup 4,5924,Josh Thompson
G-98,Subgroup 4,5944,Tara Menon
G-98,Subgroup 4,5947,Victoria Reed
G-98,Subgroup 5,5942,Siddharth Mehta
G-98,Subgroup 5,5948,Zhi Xuan
G-98,Subgroup 5,5929,Liu Chen
G-98,Subgroup 5,5949,Zoe Lee
G-98,Subgroup 5,5936,Nianzu
G-98,Subgroup 6,5943,Syahrul Bin Omar
G-98,Subgroup 6,5920,Hugo Yang
G-98,Subgroup 6,5908,Carter Lee
G-98,Subgroup 6,5927,Katherine Young
G-98,Subgroup 6,5933,Maya Lewis
G-98,Subgroup 7,5906,Budi Santoso
G-98,Subgroup 7,5902,Alexander King
G-98,Subgroup 7,5918,Henry Bennett
G-98,Subgroup 7,5900,Abigail King
G-98,Subgroup 7,5928,Leah Wilson
G-98,Subgroup 8,5907,Caleb Lim
G-98,Subgroup 8,5923,Jay Patel
G-98,Subgroup 8,5945,Umar Sembiring
G-98,Subgroup 8,5916,Hana Wong
G-98,Subgroup 8,5926,Kaiming
G-98,Subgroup 9,5921,Jae-Suk Jung
G-98,Subgroup 9,5922,Jason Lam
G-98,Subgroup 9,5919,Henry Hill
G-98,Subgroup 9,5905,Avery Smith
G-98,Subgroup 9,5940,Ritika Sharma
G-98,Subgroup 10,5930,Logan Taylor
G-98,Subgroup 10,5931,Malachi Foster
G-98,Subgroup 10,5903,Asha Devi
G-98,Subgroup 10,5934,Michelle Lee
G-98,Subgroup 10,5939,Pei Li
G-99,Subgroup 1,5963,Karla Bautista
G-99,Subgroup 1,5954,Aria Wadhwa
G-99,Subgroup 1,5969,Mai Tran
G-99,Subgroup 1,5961,Ikram Tan
G-99,Subgroup 1,5982,Nobu Yamamoto
G-99,Subgroup 2,5965,Kiran Malhotra
G-99,Subgroup 2,5958,Fatima Iqbal
G-99,Subgroup 2,5956,Ella Santos
G-99,Subgroup 2,5970,Manoj Patel
G-99,Subgroup 2,5960,Hassan Shah
G-99,Subgroup 3,5968,Lian Chen
G-99,Subgroup 3,5992,Sana Tan
G-99,Subgroup 3,5981,Nisha Malik
G-99,Subgroup 3,5994,Travis Wong
G-99,Subgroup 3,5983,Phan Duc Minh
G-99,Subgroup 4,5974,Meera Shah
G-99,Subgroup 4,5987,Rina Tan
G-99,Subgroup 4,5962,Joanna Tan
G-99,Subgroup 4,5988,Ronin Huang
G-99,Subgroup 4,5980,Niko Setiawan
G-99,Subgroup 5,5993,Sophie Rivera
G-99,Subgroup 5,5997,Xiaoling Zhang
G-99,Subgroup 5,5951,Aki Yoshida
G-99,Subgroup 5,5998,Zachary Chen
G-99,Subgroup 5,5984,Qasim Bin Noor
G-99,Subgroup 6,5978,Natalia Fedorova
G-99,Subgroup 6,5957,Farah Binti Omar
G-99,Subgroup 6,5976,Naoko Ueda
G-99,Subgroup 6,5995,Vikas Mehta
G-99,Subgroup 6,5966,Kylan Yang
G-99,Subgroup 7,5959,Hana Binti Ali
G-99,Subgroup 7,5973,Maya Morgan
G-99,Subgroup 7,5953,Amaya Tan
G-99,Subgroup 7,5991,Samuel Wright
G-99,Subgroup 7,5971,Matthew Garcia
G-99,Subgroup 8,5964,Katherine Morales
G-99,Subgroup 8,5967,Layla Turner
G-99,Subgroup 8,5979,Natalia Wong
G-99,Subgroup 8,5952,Ali Zain
G-99,Subgroup 8,5986,Rafael De Leon
G-99,Subgroup 9,5989,Ruby Nelson
G-99,Subgroup 9,5950,Aaliyah Howard
G-99,Subgroup 9,5972,Maya Hughes
G-99,Subgroup 9,5975,Michael Walker
G-99,Subgroup 9,5977,Nash Li
G-99,Subgroup 10,5985,Queenie Li
G-99,Subgroup 10,5990,Samantha Rogers
G-99,Subgroup 10,5999,Zion Tan
G-99,Subgroup 10,5996,William Yang
G-99,Subgroup 10,5955,Daniel White
